左槽,防具三件套效果,五件套效果,首饰三件套效果,上衣,下装,护肩,腰带,鞋子,手镯,项链,戒指
尼威尔徽章,鬼面君主套二件套效果,鬼面君主套五件套效果,刺杀三件套,鬼面君主套上衣,鬼面君主套下装,鬼面君主套护肩,鬼面君主套腰带,鬼面君主套鞋子,刺杀手镯,刺杀项链,刺杀戒指
尼威尔徽章,暗黑套二件套效果,暗黑套五件套效果,刺杀三件套,暗黑套上衣,暗黑套下装,暗黑套护肩,暗黑套腰带,暗黑套鞋子,刺杀手镯,刺杀项链,刺杀戒指
尼威尔徽章,幽魂套二件套效果,幽魂套五件套效果,刺杀三件套,幽魂套上衣,幽魂套下装,幽魂套护肩,幽魂套腰带,幽魂套鞋子,刺杀手镯,刺杀项链,刺杀戒指
尼威尔徽章,灼伤套二件套效果,灼伤套五件套效果,刺杀三件套,灼伤套上衣,灼伤套下装,灼伤套护肩,灼伤套腰带,灼伤套鞋子,刺杀手镯,刺杀项链,刺杀戒指
尼威尔徽章,坚强套二件套效果,坚强套五件套效果,刺杀三件套,坚强套上衣,坚强套下装,坚强套护肩,坚强套腰带,坚强套鞋子,刺杀手镯,刺杀项链,刺杀戒指
尼威尔徽章,真理套二件套效果,真理套五件套效果,刺杀三件套,真理套上衣,真理套下装,真理套护肩,真理套腰带,真理套鞋子,刺杀手镯,刺杀项链,刺杀戒指
尼威尔徽章,深海熔岩套二件套效果,深海熔岩套五件套效果,刺杀三件套,深海熔岩套上衣,深海熔岩套下装,深海熔岩套护肩,深海熔岩套腰带,深海熔岩套鞋子,刺杀手镯,刺杀项链,刺杀戒指
尼威尔徽章,镇魂曲套二件套效果,镇魂曲套五件套效果,刺杀三件套,镇魂曲套上衣,镇魂曲套下装,镇魂曲套护肩,镇魂曲套腰带,镇魂曲套鞋子,刺杀手镯,刺杀项链,刺杀戒指
尼威尔徽章,堕落圣职者二件套效果,堕落圣职者五件套效果,刺杀三件套,堕落圣职者上衣,堕落圣职者下装,堕落圣职者护肩,堕落圣职者腰带,堕落圣职者鞋子,刺杀手镯,刺杀项链,刺杀戒指
尼威尔徽章,纯粹圣职者二件套效果,纯粹圣职者五件套效果,刺杀三件套,纯粹圣职者上衣,纯粹圣职者下装,纯粹圣职者护肩,纯粹圣职者腰带,纯粹圣职者鞋子,刺杀手镯,刺杀项链,刺杀戒指
尼威尔徽章,失明套二件套效果,失明套五件套效果,刺杀三件套,失明套上衣,失明套下装,失明套护肩,失明套腰带,失明套鞋子,刺杀手镯,刺杀项链,刺杀戒指
尼威尔徽章,变色龙套二件套效果,变色龙套五件套效果,刺杀三件套,变色龙套上衣,变色龙套下装,变色龙套护肩,变色龙套腰带,变色龙套鞋子,刺杀手镯,刺杀项链,刺杀戒指
尼威尔徽章,MP套二件套效果,MP套五件套效果,刺杀三件套,MP套上衣,MP套下装,MP套护肩,MP套腰带,MP套鞋子,刺杀手镯,刺杀项链,刺杀戒指
尼威尔徽章,鬼面君主套二件套效果,鬼面君主套五件套效果,火强三件套,鬼面君主套上衣,鬼面君主套下装,鬼面君主套护肩,鬼面君主套腰带,鬼面君主套鞋子,火强手镯,火强项链,火强戒指
尼威尔徽章,暗黑套二件套效果,暗黑套五件套效果,火强三件套,暗黑套上衣,暗黑套下装,暗黑套护肩,暗黑套腰带,暗黑套鞋子,火强手镯,火强项链,火强戒指
尼威尔徽章,幽魂套二件套效果,幽魂套五件套效果,火强三件套,幽魂套上衣,幽魂套下装,幽魂套护肩,幽魂套腰带,幽魂套鞋子,火强手镯,火强项链,火强戒指
尼威尔徽章,灼伤套二件套效果,灼伤套五件套效果,火强三件套,灼伤套上衣,灼伤套下装,灼伤套护肩,灼伤套腰带,灼伤套鞋子,火强手镯,火强项链,火强戒指
尼威尔徽章,坚强套二件套效果,坚强套五件套效果,火强三件套,坚强套上衣,坚强套下装,坚强套护肩,坚强套腰带,坚强套鞋子,火强手镯,火强项链,火强戒指
尼威尔徽章,真理套二件套效果,真理套五件套效果,火强三件套,真理套上衣,真理套下装,真理套护肩,真理套腰带,真理套鞋子,火强手镯,火强项链,火强戒指
尼威尔徽章,深海熔岩套二件套效果,深海熔岩套五件套效果,火强三件套,深海熔岩套上衣,深海熔岩套下装,深海熔岩套护肩,深海熔岩套腰带,深海熔岩套鞋子,火强手镯,火强项链,火强戒指
尼威尔徽章,镇魂曲套二件套效果,镇魂曲套五件套效果,火强三件套,镇魂曲套上衣,镇魂曲套下装,镇魂曲套护肩,镇魂曲套腰带,镇魂曲套鞋子,火强手镯,火强项链,火强戒指
尼威尔徽章,堕落圣职者二件套效果,堕落圣职者五件套效果,火强三件套,堕落圣职者上衣,堕落圣职者下装,堕落圣职者护肩,堕落圣职者腰带,堕落圣职者鞋子,火强手镯,火强项链,火强戒指
尼威尔徽章,纯粹圣职者二件套效果,纯粹圣职者五件套效果,火强三件套,纯粹圣职者上衣,纯粹圣职者下装,纯粹圣职者护肩,纯粹圣职者腰带,纯粹圣职者鞋子,火强手镯,火强项链,火强戒指
尼威尔徽章,失明套二件套效果,失明套五件套效果,火强三件套,失明套上衣,失明套下装,失明套护肩,失明套腰带,失明套鞋子,火强手镯,火强项链,火强戒指
尼威尔徽章,变色龙套二件套效果,变色龙套五件套效果,火强三件套,变色龙套上衣,变色龙套下装,变色龙套护肩,变色龙套腰带,变色龙套鞋子,火强手镯,火强项链,火强戒指
尼威尔徽章,MP套二件套效果,MP套五件套效果,火强三件套,MP套上衣,MP套下装,MP套护肩,MP套腰带,MP套鞋子,火强手镯,火强项链,火强戒指
尼威尔徽章,鬼面君主套二件套效果,鬼面君主套五件套效果,属强三件套,鬼面君主套上衣,鬼面君主套下装,鬼面君主套护肩,鬼面君主套腰带,鬼面君主套鞋子,属强手镯,属强项链,属强戒指
尼威尔徽章,暗黑套二件套效果,暗黑套五件套效果,属强三件套,暗黑套上衣,暗黑套下装,暗黑套护肩,暗黑套腰带,暗黑套鞋子,属强手镯,属强项链,属强戒指
尼威尔徽章,幽魂套二件套效果,幽魂套五件套效果,属强三件套,幽魂套上衣,幽魂套下装,幽魂套护肩,幽魂套腰带,幽魂套鞋子,属强手镯,属强项链,属强戒指
尼威尔徽章,灼伤套二件套效果,灼伤套五件套效果,属强三件套,灼伤套上衣,灼伤套下装,灼伤套护肩,灼伤套腰带,灼伤套鞋子,属强手镯,属强项链,属强戒指
尼威尔徽章,坚强套二件套效果,坚强套五件套效果,属强三件套,坚强套上衣,坚强套下装,坚强套护肩,坚强套腰带,坚强套鞋子,属强手镯,属强项链,属强戒指
尼威尔徽章,真理套二件套效果,真理套五件套效果,属强三件套,真理套上衣,真理套下装,真理套护肩,真理套腰带,真理套鞋子,属强手镯,属强项链,属强戒指
尼威尔徽章,深海熔岩套二件套效果,深海熔岩套五件套效果,属强三件套,深海熔岩套上衣,深海熔岩套下装,深海熔岩套护肩,深海熔岩套腰带,深海熔岩套鞋子,属强手镯,属强项链,属强戒指
尼威尔徽章,镇魂曲套二件套效果,镇魂曲套五件套效果,属强三件套,镇魂曲套上衣,镇魂曲套下装,镇魂曲套护肩,镇魂曲套腰带,镇魂曲套鞋子,属强手镯,属强项链,属强戒指
尼威尔徽章,堕落圣职者二件套效果,堕落圣职者五件套效果,属强三件套,堕落圣职者上衣,堕落圣职者下装,堕落圣职者护肩,堕落圣职者腰带,堕落圣职者鞋子,属强手镯,属强项链,属强戒指
尼威尔徽章,纯粹圣职者二件套效果,纯粹圣职者五件套效果,属强三件套,纯粹圣职者上衣,纯粹圣职者下装,纯粹圣职者护肩,纯粹圣职者腰带,纯粹圣职者鞋子,属强手镯,属强项链,属强戒指
尼威尔徽章,失明套二件套效果,失明套五件套效果,属强三件套,失明套上衣,失明套下装,失明套护肩,失明套腰带,失明套鞋子,属强手镯,属强项链,属强戒指
尼威尔徽章,变色龙套二件套效果,变色龙套五件套效果,属强三件套,变色龙套上衣,变色龙套下装,变色龙套护肩,变色龙套腰带,变色龙套鞋子,属强手镯,属强项链,属强戒指
尼威尔徽章,MP套二件套效果,MP套五件套效果,属强三件套,MP套上衣,MP套下装,MP套护肩,MP套腰带,MP套鞋子,属强手镯,属强项链,属强戒指
尼威尔徽章,鬼面君主套二件套效果,鬼面君主套五件套效果,时空三件套,鬼面君主套上衣,鬼面君主套下装,鬼面君主套护肩,鬼面君主套腰带,鬼面君主套鞋子,时空手镯,时空项链,时空戒指
尼威尔徽章,暗黑套二件套效果,暗黑套五件套效果,时空三件套,暗黑套上衣,暗黑套下装,暗黑套护肩,暗黑套腰带,暗黑套鞋子,时空手镯,时空项链,时空戒指
尼威尔徽章,幽魂套二件套效果,幽魂套五件套效果,时空三件套,幽魂套上衣,幽魂套下装,幽魂套护肩,幽魂套腰带,幽魂套鞋子,时空手镯,时空项链,时空戒指
尼威尔徽章,灼伤套二件套效果,灼伤套五件套效果,时空三件套,灼伤套上衣,灼伤套下装,灼伤套护肩,灼伤套腰带,灼伤套鞋子,时空手镯,时空项链,时空戒指
尼威尔徽章,坚强套二件套效果,坚强套五件套效果,时空三件套,坚强套上衣,坚强套下装,坚强套护肩,坚强套腰带,坚强套鞋子,时空手镯,时空项链,时空戒指
尼威尔徽章,真理套二件套效果,真理套五件套效果,时空三件套,真理套上衣,真理套下装,真理套护肩,真理套腰带,真理套鞋子,时空手镯,时空项链,时空戒指
尼威尔徽章,深海熔岩套二件套效果,深海熔岩套五件套效果,时空三件套,深海熔岩套上衣,深海熔岩套下装,深海熔岩套护肩,深海熔岩套腰带,深海熔岩套鞋子,时空手镯,时空项链,时空戒指
尼威尔徽章,镇魂曲套二件套效果,镇魂曲套五件套效果,时空三件套,镇魂曲套上衣,镇魂曲套下装,镇魂曲套护肩,镇魂曲套腰带,镇魂曲套鞋子,时空手镯,时空项链,时空戒指
尼威尔徽章,堕落圣职者二件套效果,堕落圣职者五件套效果,时空三件套,堕落圣职者上衣,堕落圣职者下装,堕落圣职者护肩,堕落圣职者腰带,堕落圣职者鞋子,时空手镯,时空项链,时空戒指
尼威尔徽章,纯粹圣职者二件套效果,纯粹圣职者五件套效果,时空三件套,纯粹圣职者上衣,纯粹圣职者下装,纯粹圣职者护肩,纯粹圣职者腰带,纯粹圣职者鞋子,时空手镯,时空项链,时空戒指
尼威尔徽章,失明套二件套效果,失明套五件套效果,时空三件套,失明套上衣,失明套下装,失明套护肩,失明套腰带,失明套鞋子,时空手镯,时空项链,时空戒指
尼威尔徽章,变色龙套二件套效果,变色龙套五件套效果,时空三件套,变色龙套上衣,变色龙套下装,变色龙套护肩,变色龙套腰带,变色龙套鞋子,时空手镯,时空项链,时空戒指
尼威尔徽章,MP套二件套效果,MP套五件套效果,时空三件套,MP套上衣,MP套下装,MP套护肩,MP套腰带,MP套鞋子,时空手镯,时空项链,时空戒指
圣灵之咒,鬼面君主套二件套效果,鬼面君主套五件套效果,刺杀三件套,鬼面君主套上衣,鬼面君主套下装,鬼面君主套护肩,鬼面君主套腰带,鬼面君主套鞋子,刺杀手镯,刺杀项链,刺杀戒指
圣灵之咒,暗黑套二件套效果,暗黑套五件套效果,刺杀三件套,暗黑套上衣,暗黑套下装,暗黑套护肩,暗黑套腰带,暗黑套鞋子,刺杀手镯,刺杀项链,刺杀戒指
圣灵之咒,幽魂套二件套效果,幽魂套五件套效果,刺杀三件套,幽魂套上衣,幽魂套下装,幽魂套护肩,幽魂套腰带,幽魂套鞋子,刺杀手镯,刺杀项链,刺杀戒指
圣灵之咒,灼伤套二件套效果,灼伤套五件套效果,刺杀三件套,灼伤套上衣,灼伤套下装,灼伤套护肩,灼伤套腰带,灼伤套鞋子,刺杀手镯,刺杀项链,刺杀戒指
圣灵之咒,坚强套二件套效果,坚强套五件套效果,刺杀三件套,坚强套上衣,坚强套下装,坚强套护肩,坚强套腰带,坚强套鞋子,刺杀手镯,刺杀项链,刺杀戒指
圣灵之咒,真理套二件套效果,真理套五件套效果,刺杀三件套,真理套上衣,真理套下装,真理套护肩,真理套腰带,真理套鞋子,刺杀手镯,刺杀项链,刺杀戒指
圣灵之咒,深海熔岩套二件套效果,深海熔岩套五件套效果,刺杀三件套,深海熔岩套上衣,深海熔岩套下装,深海熔岩套护肩,深海熔岩套腰带,深海熔岩套鞋子,刺杀手镯,刺杀项链,刺杀戒指
圣灵之咒,镇魂曲套二件套效果,镇魂曲套五件套效果,刺杀三件套,镇魂曲套上衣,镇魂曲套下装,镇魂曲套护肩,镇魂曲套腰带,镇魂曲套鞋子,刺杀手镯,刺杀项链,刺杀戒指
圣灵之咒,堕落圣职者二件套效果,堕落圣职者五件套效果,刺杀三件套,堕落圣职者上衣,堕落圣职者下装,堕落圣职者护肩,堕落圣职者腰带,堕落圣职者鞋子,刺杀手镯,刺杀项链,刺杀戒指
圣灵之咒,纯粹圣职者二件套效果,纯粹圣职者五件套效果,刺杀三件套,纯粹圣职者上衣,纯粹圣职者下装,纯粹圣职者护肩,纯粹圣职者腰带,纯粹圣职者鞋子,刺杀手镯,刺杀项链,刺杀戒指
圣灵之咒,失明套二件套效果,失明套五件套效果,刺杀三件套,失明套上衣,失明套下装,失明套护肩,失明套腰带,失明套鞋子,刺杀手镯,刺杀项链,刺杀戒指
圣灵之咒,变色龙套二件套效果,变色龙套五件套效果,刺杀三件套,变色龙套上衣,变色龙套下装,变色龙套护肩,变色龙套腰带,变色龙套鞋子,刺杀手镯,刺杀项链,刺杀戒指
圣灵之咒,MP套二件套效果,MP套五件套效果,刺杀三件套,MP套上衣,MP套下装,MP套护肩,MP套腰带,MP套鞋子,刺杀手镯,刺杀项链,刺杀戒指
圣灵之咒,鬼面君主套二件套效果,鬼面君主套五件套效果,火强三件套,鬼面君主套上衣,鬼面君主套下装,鬼面君主套护肩,鬼面君主套腰带,鬼面君主套鞋子,火强手镯,火强项链,火强戒指
圣灵之咒,暗黑套二件套效果,暗黑套五件套效果,火强三件套,暗黑套上衣,暗黑套下装,暗黑套护肩,暗黑套腰带,暗黑套鞋子,火强手镯,火强项链,火强戒指
圣灵之咒,幽魂套二件套效果,幽魂套五件套效果,火强三件套,幽魂套上衣,幽魂套下装,幽魂套护肩,幽魂套腰带,幽魂套鞋子,火强手镯,火强项链,火强戒指
圣灵之咒,灼伤套二件套效果,灼伤套五件套效果,火强三件套,灼伤套上衣,灼伤套下装,灼伤套护肩,灼伤套腰带,灼伤套鞋子,火强手镯,火强项链,火强戒指
圣灵之咒,坚强套二件套效果,坚强套五件套效果,火强三件套,坚强套上衣,坚强套下装,坚强套护肩,坚强套腰带,坚强套鞋子,火强手镯,火强项链,火强戒指
圣灵之咒,真理套二件套效果,真理套五件套效果,火强三件套,真理套上衣,真理套下装,真理套护肩,真理套腰带,真理套鞋子,火强手镯,火强项链,火强戒指
圣灵之咒,深海熔岩套二件套效果,深海熔岩套五件套效果,火强三件套,深海熔岩套上衣,深海熔岩套下装,深海熔岩套护肩,深海熔岩套腰带,深海熔岩套鞋子,火强手镯,火强项链,火强戒指
圣灵之咒,镇魂曲套二件套效果,镇魂曲套五件套效果,火强三件套,镇魂曲套上衣,镇魂曲套下装,镇魂曲套护肩,镇魂曲套腰带,镇魂曲套鞋子,火强手镯,火强项链,火强戒指
圣灵之咒,堕落圣职者二件套效果,堕落圣职者五件套效果,火强三件套,堕落圣职者上衣,堕落圣职者下装,堕落圣职者护肩,堕落圣职者腰带,堕落圣职者鞋子,火强手镯,火强项链,火强戒指
圣灵之咒,纯粹圣职者二件套效果,纯粹圣职者五件套效果,火强三件套,纯粹圣职者上衣,纯粹圣职者下装,纯粹圣职者护肩,纯粹圣职者腰带,纯粹圣职者鞋子,火强手镯,火强项链,火强戒指
圣灵之咒,失明套二件套效果,失明套五件套效果,火强三件套,失明套上衣,失明套下装,失明套护肩,失明套腰带,失明套鞋子,火强手镯,火强项链,火强戒指
圣灵之咒,变色龙套二件套效果,变色龙套五件套效果,火强三件套,变色龙套上衣,变色龙套下装,变色龙套护肩,变色龙套腰带,变色龙套鞋子,火强手镯,火强项链,火强戒指
圣灵之咒,MP套二件套效果,MP套五件套效果,火强三件套,MP套上衣,MP套下装,MP套护肩,MP套腰带,MP套鞋子,火强手镯,火强项链,火强戒指
圣灵之咒,鬼面君主套二件套效果,鬼面君主套五件套效果,属强三件套,鬼面君主套上衣,鬼面君主套下装,鬼面君主套护肩,鬼面君主套腰带,鬼面君主套鞋子,属强手镯,属强项链,属强戒指
圣灵之咒,暗黑套二件套效果,暗黑套五件套效果,属强三件套,暗黑套上衣,暗黑套下装,暗黑套护肩,暗黑套腰带,暗黑套鞋子,属强手镯,属强项链,属强戒指
圣灵之咒,幽魂套二件套效果,幽魂套五件套效果,属强三件套,幽魂套上衣,幽魂套下装,幽魂套护肩,幽魂套腰带,幽魂套鞋子,属强手镯,属强项链,属强戒指
圣灵之咒,灼伤套二件套效果,灼伤套五件套效果,属强三件套,灼伤套上衣,灼伤套下装,灼伤套护肩,灼伤套腰带,灼伤套鞋子,属强手镯,属强项链,属强戒指
圣灵之咒,坚强套二件套效果,坚强套五件套效果,属强三件套,坚强套上衣,坚强套下装,坚强套护肩,坚强套腰带,坚强套鞋子,属强手镯,属强项链,属强戒指
圣灵之咒,真理套二件套效果,真理套五件套效果,属强三件套,真理套上衣,真理套下装,真理套护肩,真理套腰带,真理套鞋子,属强手镯,属强项链,属强戒指
圣灵之咒,深海熔岩套二件套效果,深海熔岩套五件套效果,属强三件套,深海熔岩套上衣,深海熔岩套下装,深海熔岩套护肩,深海熔岩套腰带,深海熔岩套鞋子,属强手镯,属强项链,属强戒指
圣灵之咒,镇魂曲套二件套效果,镇魂曲套五件套效果,属强三件套,镇魂曲套上衣,镇魂曲套下装,镇魂曲套护肩,镇魂曲套腰带,镇魂曲套鞋子,属强手镯,属强项链,属强戒指
圣灵之咒,堕落圣职者二件套效果,堕落圣职者五件套效果,属强三件套,堕落圣职者上衣,堕落圣职者下装,堕落圣职者护肩,堕落圣职者腰带,堕落圣职者鞋子,属强手镯,属强项链,属强戒指
圣灵之咒,纯粹圣职者二件套效果,纯粹圣职者五件套效果,属强三件套,纯粹圣职者上衣,纯粹圣职者下装,纯粹圣职者护肩,纯粹圣职者腰带,纯粹圣职者鞋子,属强手镯,属强项链,属强戒指
圣灵之咒,失明套二件套效果,失明套五件套效果,属强三件套,失明套上衣,失明套下装,失明套护肩,失明套腰带,失明套鞋子,属强手镯,属强项链,属强戒指
圣灵之咒,变色龙套二件套效果,变色龙套五件套效果,属强三件套,变色龙套上衣,变色龙套下装,变色龙套护肩,变色龙套腰带,变色龙套鞋子,属强手镯,属强项链,属强戒指
圣灵之咒,MP套二件套效果,MP套五件套效果,属强三件套,MP套上衣,MP套下装,MP套护肩,MP套腰带,MP套鞋子,属强手镯,属强项链,属强戒指
圣灵之咒,鬼面君主套二件套效果,鬼面君主套五件套效果,时空三件套,鬼面君主套上衣,鬼面君主套下装,鬼面君主套护肩,鬼面君主套腰带,鬼面君主套鞋子,时空手镯,时空项链,时空戒指
圣灵之咒,暗黑套二件套效果,暗黑套五件套效果,时空三件套,暗黑套上衣,暗黑套下装,暗黑套护肩,暗黑套腰带,暗黑套鞋子,时空手镯,时空项链,时空戒指
圣灵之咒,幽魂套二件套效果,幽魂套五件套效果,时空三件套,幽魂套上衣,幽魂套下装,幽魂套护肩,幽魂套腰带,幽魂套鞋子,时空手镯,时空项链,时空戒指
圣灵之咒,灼伤套二件套效果,灼伤套五件套效果,时空三件套,灼伤套上衣,灼伤套下装,灼伤套护肩,灼伤套腰带,灼伤套鞋子,时空手镯,时空项链,时空戒指
圣灵之咒,坚强套二件套效果,坚强套五件套效果,时空三件套,坚强套上衣,坚强套下装,坚强套护肩,坚强套腰带,坚强套鞋子,时空手镯,时空项链,时空戒指
圣灵之咒,真理套二件套效果,真理套五件套效果,时空三件套,真理套上衣,真理套下装,真理套护肩,真理套腰带,真理套鞋子,时空手镯,时空项链,时空戒指
圣灵之咒,深海熔岩套二件套效果,深海熔岩套五件套效果,时空三件套,深海熔岩套上衣,深海熔岩套下装,深海熔岩套护肩,深海熔岩套腰带,深海熔岩套鞋子,时空手镯,时空项链,时空戒指
圣灵之咒,镇魂曲套二件套效果,镇魂曲套五件套效果,时空三件套,镇魂曲套上衣,镇魂曲套下装,镇魂曲套护肩,镇魂曲套腰带,镇魂曲套鞋子,时空手镯,时空项链,时空戒指
圣灵之咒,堕落圣职者二件套效果,堕落圣职者五件套效果,时空三件套,堕落圣职者上衣,堕落圣职者下装,堕落圣职者护肩,堕落圣职者腰带,堕落圣职者鞋子,时空手镯,时空项链,时空戒指
圣灵之咒,纯粹圣职者二件套效果,纯粹圣职者五件套效果,时空三件套,纯粹圣职者上衣,纯粹圣职者下装,纯粹圣职者护肩,纯粹圣职者腰带,纯粹圣职者鞋子,时空手镯,时空项链,时空戒指
圣灵之咒,失明套二件套效果,失明套五件套效果,时空三件套,失明套上衣,失明套下装,失明套护肩,失明套腰带,失明套鞋子,时空手镯,时空项链,时空戒指
圣灵之咒,变色龙套二件套效果,变色龙套五件套效果,时空三件套,变色龙套上衣,变色龙套下装,变色龙套护肩,变色龙套腰带,变色龙套鞋子,时空手镯,时空项链,时空戒指
圣灵之咒,MP套二件套效果,MP套五件套效果,时空三件套,MP套上衣,MP套下装,MP套护肩,MP套腰带,MP套鞋子,时空手镯,时空项链,时空戒指
手套,鬼面君主套二件套效果,鬼面君主套五件套效果,刺杀三件套,鬼面君主套上衣,鬼面君主套下装,鬼面君主套护肩,鬼面君主套腰带,鬼面君主套鞋子,刺杀手镯,刺杀项链,刺杀戒指
手套,暗黑套二件套效果,暗黑套五件套效果,刺杀三件套,暗黑套上衣,暗黑套下装,暗黑套护肩,暗黑套腰带,暗黑套鞋子,刺杀手镯,刺杀项链,刺杀戒指
手套,幽魂套二件套效果,幽魂套五件套效果,刺杀三件套,幽魂套上衣,幽魂套下装,幽魂套护肩,幽魂套腰带,幽魂套鞋子,刺杀手镯,刺杀项链,刺杀戒指
手套,灼伤套二件套效果,灼伤套五件套效果,刺杀三件套,灼伤套上衣,灼伤套下装,灼伤套护肩,灼伤套腰带,灼伤套鞋子,刺杀手镯,刺杀项链,刺杀戒指
手套,坚强套二件套效果,坚强套五件套效果,刺杀三件套,坚强套上衣,坚强套下装,坚强套护肩,坚强套腰带,坚强套鞋子,刺杀手镯,刺杀项链,刺杀戒指
手套,真理套二件套效果,真理套五件套效果,刺杀三件套,真理套上衣,真理套下装,真理套护肩,真理套腰带,真理套鞋子,刺杀手镯,刺杀项链,刺杀戒指
手套,深海熔岩套二件套效果,深海熔岩套五件套效果,刺杀三件套,深海熔岩套上衣,深海熔岩套下装,深海熔岩套护肩,深海熔岩套腰带,深海熔岩套鞋子,刺杀手镯,刺杀项链,刺杀戒指
手套,镇魂曲套二件套效果,镇魂曲套五件套效果,刺杀三件套,镇魂曲套上衣,镇魂曲套下装,镇魂曲套护肩,镇魂曲套腰带,镇魂曲套鞋子,刺杀手镯,刺杀项链,刺杀戒指
手套,堕落圣职者二件套效果,堕落圣职者五件套效果,刺杀三件套,堕落圣职者上衣,堕落圣职者下装,堕落圣职者护肩,堕落圣职者腰带,堕落圣职者鞋子,刺杀手镯,刺杀项链,刺杀戒指
手套,纯粹圣职者二件套效果,纯粹圣职者五件套效果,刺杀三件套,纯粹圣职者上衣,纯粹圣职者下装,纯粹圣职者护肩,纯粹圣职者腰带,纯粹圣职者鞋子,刺杀手镯,刺杀项链,刺杀戒指
手套,失明套二件套效果,失明套五件套效果,刺杀三件套,失明套上衣,失明套下装,失明套护肩,失明套腰带,失明套鞋子,刺杀手镯,刺杀项链,刺杀戒指
手套,变色龙套二件套效果,变色龙套五件套效果,刺杀三件套,变色龙套上衣,变色龙套下装,变色龙套护肩,变色龙套腰带,变色龙套鞋子,刺杀手镯,刺杀项链,刺杀戒指
手套,MP套二件套效果,MP套五件套效果,刺杀三件套,MP套上衣,MP套下装,MP套护肩,MP套腰带,MP套鞋子,刺杀手镯,刺杀项链,刺杀戒指
手套,鬼面君主套二件套效果,鬼面君主套五件套效果,火强三件套,鬼面君主套上衣,鬼面君主套下装,鬼面君主套护肩,鬼面君主套腰带,鬼面君主套鞋子,火强手镯,火强项链,火强戒指
手套,暗黑套二件套效果,暗黑套五件套效果,火强三件套,暗黑套上衣,暗黑套下装,暗黑套护肩,暗黑套腰带,暗黑套鞋子,火强手镯,火强项链,火强戒指
手套,幽魂套二件套效果,幽魂套五件套效果,火强三件套,幽魂套上衣,幽魂套下装,幽魂套护肩,幽魂套腰带,幽魂套鞋子,火强手镯,火强项链,火强戒指
手套,灼伤套二件套效果,灼伤套五件套效果,火强三件套,灼伤套上衣,灼伤套下装,灼伤套护肩,灼伤套腰带,灼伤套鞋子,火强手镯,火强项链,火强戒指
手套,坚强套二件套效果,坚强套五件套效果,火强三件套,坚强套上衣,坚强套下装,坚强套护肩,坚强套腰带,坚强套鞋子,火强手镯,火强项链,火强戒指
手套,真理套二件套效果,真理套五件套效果,火强三件套,真理套上衣,真理套下装,真理套护肩,真理套腰带,真理套鞋子,火强手镯,火强项链,火强戒指
手套,深海熔岩套二件套效果,深海熔岩套五件套效果,火强三件套,深海熔岩套上衣,深海熔岩套下装,深海熔岩套护肩,深海熔岩套腰带,深海熔岩套鞋子,火强手镯,火强项链,火强戒指
手套,镇魂曲套二件套效果,镇魂曲套五件套效果,火强三件套,镇魂曲套上衣,镇魂曲套下装,镇魂曲套护肩,镇魂曲套腰带,镇魂曲套鞋子,火强手镯,火强项链,火强戒指
手套,堕落圣职者二件套效果,堕落圣职者五件套效果,火强三件套,堕落圣职者上衣,堕落圣职者下装,堕落圣职者护肩,堕落圣职者腰带,堕落圣职者鞋子,火强手镯,火强项链,火强戒指
手套,纯粹圣职者二件套效果,纯粹圣职者五件套效果,火强三件套,纯粹圣职者上衣,纯粹圣职者下装,纯粹圣职者护肩,纯粹圣职者腰带,纯粹圣职者鞋子,火强手镯,火强项链,火强戒指
手套,失明套二件套效果,失明套五件套效果,火强三件套,失明套上衣,失明套下装,失明套护肩,失明套腰带,失明套鞋子,火强手镯,火强项链,火强戒指
手套,变色龙套二件套效果,变色龙套五件套效果,火强三件套,变色龙套上衣,变色龙套下装,变色龙套护肩,变色龙套腰带,变色龙套鞋子,火强手镯,火强项链,火强戒指
手套,MP套二件套效果,MP套五件套效果,火强三件套,MP套上衣,MP套下装,MP套护肩,MP套腰带,MP套鞋子,火强手镯,火强项链,火强戒指
手套,鬼面君主套二件套效果,鬼面君主套五件套效果,属强三件套,鬼面君主套上衣,鬼面君主套下装,鬼面君主套护肩,鬼面君主套腰带,鬼面君主套鞋子,属强手镯,属强项链,属强戒指
手套,暗黑套二件套效果,暗黑套五件套效果,属强三件套,暗黑套上衣,暗黑套下装,暗黑套护肩,暗黑套腰带,暗黑套鞋子,属强手镯,属强项链,属强戒指
手套,幽魂套二件套效果,幽魂套五件套效果,属强三件套,幽魂套上衣,幽魂套下装,幽魂套护肩,幽魂套腰带,幽魂套鞋子,属强手镯,属强项链,属强戒指
手套,灼伤套二件套效果,灼伤套五件套效果,属强三件套,灼伤套上衣,灼伤套下装,灼伤套护肩,灼伤套腰带,灼伤套鞋子,属强手镯,属强项链,属强戒指
手套,坚强套二件套效果,坚强套五件套效果,属强三件套,坚强套上衣,坚强套下装,坚强套护肩,坚强套腰带,坚强套鞋子,属强手镯,属强项链,属强戒指
手套,真理套二件套效果,真理套五件套效果,属强三件套,真理套上衣,真理套下装,真理套护肩,真理套腰带,真理套鞋子,属强手镯,属强项链,属强戒指
手套,深海熔岩套二件套效果,深海熔岩套五件套效果,属强三件套,深海熔岩套上衣,深海熔岩套下装,深海熔岩套护肩,深海熔岩套腰带,深海熔岩套鞋子,属强手镯,属强项链,属强戒指
手套,镇魂曲套二件套效果,镇魂曲套五件套效果,属强三件套,镇魂曲套上衣,镇魂曲套下装,镇魂曲套护肩,镇魂曲套腰带,镇魂曲套鞋子,属强手镯,属强项链,属强戒指
手套,堕落圣职者二件套效果,堕落圣职者五件套效果,属强三件套,堕落圣职者上衣,堕落圣职者下装,堕落圣职者护肩,堕落圣职者腰带,堕落圣职者鞋子,属强手镯,属强项链,属强戒指
手套,纯粹圣职者二件套效果,纯粹圣职者五件套效果,属强三件套,纯粹圣职者上衣,纯粹圣职者下装,纯粹圣职者护肩,纯粹圣职者腰带,纯粹圣职者鞋子,属强手镯,属强项链,属强戒指
手套,失明套二件套效果,失明套五件套效果,属强三件套,失明套上衣,失明套下装,失明套护肩,失明套腰带,失明套鞋子,属强手镯,属强项链,属强戒指
手套,变色龙套二件套效果,变色龙套五件套效果,属强三件套,变色龙套上衣,变色龙套下装,变色龙套护肩,变色龙套腰带,变色龙套鞋子,属强手镯,属强项链,属强戒指
手套,MP套二件套效果,MP套五件套效果,属强三件套,MP套上衣,MP套下装,MP套护肩,MP套腰带,MP套鞋子,属强手镯,属强项链,属强戒指
手套,鬼面君主套二件套效果,鬼面君主套五件套效果,时空三件套,鬼面君主套上衣,鬼面君主套下装,鬼面君主套护肩,鬼面君主套腰带,鬼面君主套鞋子,时空手镯,时空项链,时空戒指
手套,暗黑套二件套效果,暗黑套五件套效果,时空三件套,暗黑套上衣,暗黑套下装,暗黑套护肩,暗黑套腰带,暗黑套鞋子,时空手镯,时空项链,时空戒指
手套,幽魂套二件套效果,幽魂套五件套效果,时空三件套,幽魂套上衣,幽魂套下装,幽魂套护肩,幽魂套腰带,幽魂套鞋子,时空手镯,时空项链,时空戒指
手套,灼伤套二件套效果,灼伤套五件套效果,时空三件套,灼伤套上衣,灼伤套下装,灼伤套护肩,灼伤套腰带,灼伤套鞋子,时空手镯,时空项链,时空戒指
手套,坚强套二件套效果,坚强套五件套效果,时空三件套,坚强套上衣,坚强套下装,坚强套护肩,坚强套腰带,坚强套鞋子,时空手镯,时空项链,时空戒指
手套,真理套二件套效果,真理套五件套效果,时空三件套,真理套上衣,真理套下装,真理套护肩,真理套腰带,真理套鞋子,时空手镯,时空项链,时空戒指
手套,深海熔岩套二件套效果,深海熔岩套五件套效果,时空三件套,深海熔岩套上衣,深海熔岩套下装,深海熔岩套护肩,深海熔岩套腰带,深海熔岩套鞋子,时空手镯,时空项链,时空戒指
手套,镇魂曲套二件套效果,镇魂曲套五件套效果,时空三件套,镇魂曲套上衣,镇魂曲套下装,镇魂曲套护肩,镇魂曲套腰带,镇魂曲套鞋子,时空手镯,时空项链,时空戒指
手套,堕落圣职者二件套效果,堕落圣职者五件套效果,时空三件套,堕落圣职者上衣,堕落圣职者下装,堕落圣职者护肩,堕落圣职者腰带,堕落圣职者鞋子,时空手镯,时空项链,时空戒指
手套,纯粹圣职者二件套效果,纯粹圣职者五件套效果,时空三件套,纯粹圣职者上衣,纯粹圣职者下装,纯粹圣职者护肩,纯粹圣职者腰带,纯粹圣职者鞋子,时空手镯,时空项链,时空戒指
手套,失明套二件套效果,失明套五件套效果,时空三件套,失明套上衣,失明套下装,失明套护肩,失明套腰带,失明套鞋子,时空手镯,时空项链,时空戒指
手套,变色龙套二件套效果,变色龙套五件套效果,时空三件套,变色龙套上衣,变色龙套下装,变色龙套护肩,变色龙套腰带,变色龙套鞋子,时空手镯,时空项链,时空戒指
手套,MP套二件套效果,MP套五件套效果,时空三件套,MP套上衣,MP套下装,MP套护肩,MP套腰带,MP套鞋子,时空手镯,时空项链,时空戒指
羽毛,鬼面君主套二件套效果,鬼面君主套五件套效果,刺杀三件套,鬼面君主套上衣,鬼面君主套下装,鬼面君主套护肩,鬼面君主套腰带,鬼面君主套鞋子,刺杀手镯,刺杀项链,刺杀戒指
羽毛,暗黑套二件套效果,暗黑套五件套效果,刺杀三件套,暗黑套上衣,暗黑套下装,暗黑套护肩,暗黑套腰带,暗黑套鞋子,刺杀手镯,刺杀项链,刺杀戒指
羽毛,幽魂套二件套效果,幽魂套五件套效果,刺杀三件套,幽魂套上衣,幽魂套下装,幽魂套护肩,幽魂套腰带,幽魂套鞋子,刺杀手镯,刺杀项链,刺杀戒指
羽毛,灼伤套二件套效果,灼伤套五件套效果,刺杀三件套,灼伤套上衣,灼伤套下装,灼伤套护肩,灼伤套腰带,灼伤套鞋子,刺杀手镯,刺杀项链,刺杀戒指
羽毛,坚强套二件套效果,坚强套五件套效果,刺杀三件套,坚强套上衣,坚强套下装,坚强套护肩,坚强套腰带,坚强套鞋子,刺杀手镯,刺杀项链,刺杀戒指
羽毛,真理套二件套效果,真理套五件套效果,刺杀三件套,真理套上衣,真理套下装,真理套护肩,真理套腰带,真理套鞋子,刺杀手镯,刺杀项链,刺杀戒指
羽毛,深海熔岩套二件套效果,深海熔岩套五件套效果,刺杀三件套,深海熔岩套上衣,深海熔岩套下装,深海熔岩套护肩,深海熔岩套腰带,深海熔岩套鞋子,刺杀手镯,刺杀项链,刺杀戒指
羽毛,镇魂曲套二件套效果,镇魂曲套五件套效果,刺杀三件套,镇魂曲套上衣,镇魂曲套下装,镇魂曲套护肩,镇魂曲套腰带,镇魂曲套鞋子,刺杀手镯,刺杀项链,刺杀戒指
羽毛,堕落圣职者二件套效果,堕落圣职者五件套效果,刺杀三件套,堕落圣职者上衣,堕落圣职者下装,堕落圣职者护肩,堕落圣职者腰带,堕落圣职者鞋子,刺杀手镯,刺杀项链,刺杀戒指
羽毛,纯粹圣职者二件套效果,纯粹圣职者五件套效果,刺杀三件套,纯粹圣职者上衣,纯粹圣职者下装,纯粹圣职者护肩,纯粹圣职者腰带,纯粹圣职者鞋子,刺杀手镯,刺杀项链,刺杀戒指
羽毛,失明套二件套效果,失明套五件套效果,刺杀三件套,失明套上衣,失明套下装,失明套护肩,失明套腰带,失明套鞋子,刺杀手镯,刺杀项链,刺杀戒指
羽毛,变色龙套二件套效果,变色龙套五件套效果,刺杀三件套,变色龙套上衣,变色龙套下装,变色龙套护肩,变色龙套腰带,变色龙套鞋子,刺杀手镯,刺杀项链,刺杀戒指
羽毛,MP套二件套效果,MP套五件套效果,刺杀三件套,MP套上衣,MP套下装,MP套护肩,MP套腰带,MP套鞋子,刺杀手镯,刺杀项链,刺杀戒指
羽毛,鬼面君主套二件套效果,鬼面君主套五件套效果,火强三件套,鬼面君主套上衣,鬼面君主套下装,鬼面君主套护肩,鬼面君主套腰带,鬼面君主套鞋子,火强手镯,火强项链,火强戒指
羽毛,暗黑套二件套效果,暗黑套五件套效果,火强三件套,暗黑套上衣,暗黑套下装,暗黑套护肩,暗黑套腰带,暗黑套鞋子,火强手镯,火强项链,火强戒指
羽毛,幽魂套二件套效果,幽魂套五件套效果,火强三件套,幽魂套上衣,幽魂套下装,幽魂套护肩,幽魂套腰带,幽魂套鞋子,火强手镯,火强项链,火强戒指
羽毛,灼伤套二件套效果,灼伤套五件套效果,火强三件套,灼伤套上衣,灼伤套下装,灼伤套护肩,灼伤套腰带,灼伤套鞋子,火强手镯,火强项链,火强戒指
羽毛,坚强套二件套效果,坚强套五件套效果,火强三件套,坚强套上衣,坚强套下装,坚强套护肩,坚强套腰带,坚强套鞋子,火强手镯,火强项链,火强戒指
羽毛,真理套二件套效果,真理套五件套效果,火强三件套,真理套上衣,真理套下装,真理套护肩,真理套腰带,真理套鞋子,火强手镯,火强项链,火强戒指
羽毛,深海熔岩套二件套效果,深海熔岩套五件套效果,火强三件套,深海熔岩套上衣,深海熔岩套下装,深海熔岩套护肩,深海熔岩套腰带,深海熔岩套鞋子,火强手镯,火强项链,火强戒指
羽毛,镇魂曲套二件套效果,镇魂曲套五件套效果,火强三件套,镇魂曲套上衣,镇魂曲套下装,镇魂曲套护肩,镇魂曲套腰带,镇魂曲套鞋子,火强手镯,火强项链,火强戒指
羽毛,堕落圣职者二件套效果,堕落圣职者五件套效果,火强三件套,堕落圣职者上衣,堕落圣职者下装,堕落圣职者护肩,堕落圣职者腰带,堕落圣职者鞋子,火强手镯,火强项链,火强戒指
羽毛,纯粹圣职者二件套效果,纯粹圣职者五件套效果,火强三件套,纯粹圣职者上衣,纯粹圣职者下装,纯粹圣职者护肩,纯粹圣职者腰带,纯粹圣职者鞋子,火强手镯,火强项链,火强戒指
羽毛,失明套二件套效果,失明套五件套效果,火强三件套,失明套上衣,失明套下装,失明套护肩,失明套腰带,失明套鞋子,火强手镯,火强项链,火强戒指
羽毛,变色龙套二件套效果,变色龙套五件套效果,火强三件套,变色龙套上衣,变色龙套下装,变色龙套护肩,变色龙套腰带,变色龙套鞋子,火强手镯,火强项链,火强戒指
羽毛,MP套二件套效果,MP套五件套效果,火强三件套,MP套上衣,MP套下装,MP套护肩,MP套腰带,MP套鞋子,火强手镯,火强项链,火强戒指
羽毛,鬼面君主套二件套效果,鬼面君主套五件套效果,属强三件套,鬼面君主套上衣,鬼面君主套下装,鬼面君主套护肩,鬼面君主套腰带,鬼面君主套鞋子,属强手镯,属强项链,属强戒指
羽毛,暗黑套二件套效果,暗黑套五件套效果,属强三件套,暗黑套上衣,暗黑套下装,暗黑套护肩,暗黑套腰带,暗黑套鞋子,属强手镯,属强项链,属强戒指
羽毛,幽魂套二件套效果,幽魂套五件套效果,属强三件套,幽魂套上衣,幽魂套下装,幽魂套护肩,幽魂套腰带,幽魂套鞋子,属强手镯,属强项链,属强戒指
羽毛,灼伤套二件套效果,灼伤套五件套效果,属强三件套,灼伤套上衣,灼伤套下装,灼伤套护肩,灼伤套腰带,灼伤套鞋子,属强手镯,属强项链,属强戒指
羽毛,坚强套二件套效果,坚强套五件套效果,属强三件套,坚强套上衣,坚强套下装,坚强套护肩,坚强套腰带,坚强套鞋子,属强手镯,属强项链,属强戒指
羽毛,真理套二件套效果,真理套五件套效果,属强三件套,真理套上衣,真理套下装,真理套护肩,真理套腰带,真理套鞋子,属强手镯,属强项链,属强戒指
羽毛,深海熔岩套二件套效果,深海熔岩套五件套效果,属强三件套,深海熔岩套上衣,深海熔岩套下装,深海熔岩套护肩,深海熔岩套腰带,深海熔岩套鞋子,属强手镯,属强项链,属强戒指
羽毛,镇魂曲套二件套效果,镇魂曲套五件套效果,属强三件套,镇魂曲套上衣,镇魂曲套下装,镇魂曲套护肩,镇魂曲套腰带,镇魂曲套鞋子,属强手镯,属强项链,属强戒指
羽毛,堕落圣职者二件套效果,堕落圣职者五件套效果,属强三件套,堕落圣职者上衣,堕落圣职者下装,堕落圣职者护肩,堕落圣职者腰带,堕落圣职者鞋子,属强手镯,属强项链,属强戒指
羽毛,纯粹圣职者二件套效果,纯粹圣职者五件套效果,属强三件套,纯粹圣职者上衣,纯粹圣职者下装,纯粹圣职者护肩,纯粹圣职者腰带,纯粹圣职者鞋子,属强手镯,属强项链,属强戒指
羽毛,失明套二件套效果,失明套五件套效果,属强三件套,失明套上衣,失明套下装,失明套护肩,失明套腰带,失明套鞋子,属强手镯,属强项链,属强戒指
羽毛,变色龙套二件套效果,变色龙套五件套效果,属强三件套,变色龙套上衣,变色龙套下装,变色龙套护肩,变色龙套腰带,变色龙套鞋子,属强手镯,属强项链,属强戒指
羽毛,MP套二件套效果,MP套五件套效果,属强三件套,MP套上衣,MP套下装,MP套护肩,MP套腰带,MP套鞋子,属强手镯,属强项链,属强戒指
羽毛,鬼面君主套二件套效果,鬼面君主套五件套效果,时空三件套,鬼面君主套上衣,鬼面君主套下装,鬼面君主套护肩,鬼面君主套腰带,鬼面君主套鞋子,时空手镯,时空项链,时空戒指
羽毛,暗黑套二件套效果,暗黑套五件套效果,时空三件套,暗黑套上衣,暗黑套下装,暗黑套护肩,暗黑套腰带,暗黑套鞋子,时空手镯,时空项链,时空戒指
羽毛,幽魂套二件套效果,幽魂套五件套效果,时空三件套,幽魂套上衣,幽魂套下装,幽魂套护肩,幽魂套腰带,幽魂套鞋子,时空手镯,时空项链,时空戒指
羽毛,灼伤套二件套效果,灼伤套五件套效果,时空三件套,灼伤套上衣,灼伤套下装,灼伤套护肩,灼伤套腰带,灼伤套鞋子,时空手镯,时空项链,时空戒指
羽毛,坚强套二件套效果,坚强套五件套效果,时空三件套,坚强套上衣,坚强套下装,坚强套护肩,坚强套腰带,坚强套鞋子,时空手镯,时空项链,时空戒指
羽毛,真理套二件套效果,真理套五件套效果,时空三件套,真理套上衣,真理套下装,真理套护肩,真理套腰带,真理套鞋子,时空手镯,时空项链,时空戒指
羽毛,深海熔岩套二件套效果,深海熔岩套五件套效果,时空三件套,深海熔岩套上衣,深海熔岩套下装,深海熔岩套护肩,深海熔岩套腰带,深海熔岩套鞋子,时空手镯,时空项链,时空戒指
羽毛,镇魂曲套二件套效果,镇魂曲套五件套效果,时空三件套,镇魂曲套上衣,镇魂曲套下装,镇魂曲套护肩,镇魂曲套腰带,镇魂曲套鞋子,时空手镯,时空项链,时空戒指
羽毛,堕落圣职者二件套效果,堕落圣职者五件套效果,时空三件套,堕落圣职者上衣,堕落圣职者下装,堕落圣职者护肩,堕落圣职者腰带,堕落圣职者鞋子,时空手镯,时空项链,时空戒指
羽毛,纯粹圣职者二件套效果,纯粹圣职者五件套效果,时空三件套,纯粹圣职者上衣,纯粹圣职者下装,纯粹圣职者护肩,纯粹圣职者腰带,纯粹圣职者鞋子,时空手镯,时空项链,时空戒指
羽毛,失明套二件套效果,失明套五件套效果,时空三件套,失明套上衣,失明套下装,失明套护肩,失明套腰带,失明套鞋子,时空手镯,时空项链,时空戒指
羽毛,变色龙套二件套效果,变色龙套五件套效果,时空三件套,变色龙套上衣,变色龙套下装,变色龙套护肩,变色龙套腰带,变色龙套鞋子,时空手镯,时空项链,时空戒指
羽毛,MP套二件套效果,MP套五件套效果,时空三件套,MP套上衣,MP套下装,MP套护肩,MP套腰带,MP套鞋子,时空手镯,时空项链,时空戒指
时间怀表,鬼面君主套二件套效果,鬼面君主套五件套效果,刺杀三件套,鬼面君主套上衣,鬼面君主套下装,鬼面君主套护肩,鬼面君主套腰带,鬼面君主套鞋子,刺杀手镯,刺杀项链,刺杀戒指
时间怀表,暗黑套二件套效果,暗黑套五件套效果,刺杀三件套,暗黑套上衣,暗黑套下装,暗黑套护肩,暗黑套腰带,暗黑套鞋子,刺杀手镯,刺杀项链,刺杀戒指
时间怀表,幽魂套二件套效果,幽魂套五件套效果,刺杀三件套,幽魂套上衣,幽魂套下装,幽魂套护肩,幽魂套腰带,幽魂套鞋子,刺杀手镯,刺杀项链,刺杀戒指
时间怀表,灼伤套二件套效果,灼伤套五件套效果,刺杀三件套,灼伤套上衣,灼伤套下装,灼伤套护肩,灼伤套腰带,灼伤套鞋子,刺杀手镯,刺杀项链,刺杀戒指
时间怀表,坚强套二件套效果,坚强套五件套效果,刺杀三件套,坚强套上衣,坚强套下装,坚强套护肩,坚强套腰带,坚强套鞋子,刺杀手镯,刺杀项链,刺杀戒指
时间怀表,真理套二件套效果,真理套五件套效果,刺杀三件套,真理套上衣,真理套下装,真理套护肩,真理套腰带,真理套鞋子,刺杀手镯,刺杀项链,刺杀戒指
时间怀表,深海熔岩套二件套效果,深海熔岩套五件套效果,刺杀三件套,深海熔岩套上衣,深海熔岩套下装,深海熔岩套护肩,深海熔岩套腰带,深海熔岩套鞋子,刺杀手镯,刺杀项链,刺杀戒指
时间怀表,镇魂曲套二件套效果,镇魂曲套五件套效果,刺杀三件套,镇魂曲套上衣,镇魂曲套下装,镇魂曲套护肩,镇魂曲套腰带,镇魂曲套鞋子,刺杀手镯,刺杀项链,刺杀戒指
时间怀表,堕落圣职者二件套效果,堕落圣职者五件套效果,刺杀三件套,堕落圣职者上衣,堕落圣职者下装,堕落圣职者护肩,堕落圣职者腰带,堕落圣职者鞋子,刺杀手镯,刺杀项链,刺杀戒指
时间怀表,纯粹圣职者二件套效果,纯粹圣职者五件套效果,刺杀三件套,纯粹圣职者上衣,纯粹圣职者下装,纯粹圣职者护肩,纯粹圣职者腰带,纯粹圣职者鞋子,刺杀手镯,刺杀项链,刺杀戒指
时间怀表,失明套二件套效果,失明套五件套效果,刺杀三件套,失明套上衣,失明套下装,失明套护肩,失明套腰带,失明套鞋子,刺杀手镯,刺杀项链,刺杀戒指
时间怀表,变色龙套二件套效果,变色龙套五件套效果,刺杀三件套,变色龙套上衣,变色龙套下装,变色龙套护肩,变色龙套腰带,变色龙套鞋子,刺杀手镯,刺杀项链,刺杀戒指
时间怀表,MP套二件套效果,MP套五件套效果,刺杀三件套,MP套上衣,MP套下装,MP套护肩,MP套腰带,MP套鞋子,刺杀手镯,刺杀项链,刺杀戒指
时间怀表,鬼面君主套二件套效果,鬼面君主套五件套效果,火强三件套,鬼面君主套上衣,鬼面君主套下装,鬼面君主套护肩,鬼面君主套腰带,鬼面君主套鞋子,火强手镯,火强项链,火强戒指
时间怀表,暗黑套二件套效果,暗黑套五件套效果,火强三件套,暗黑套上衣,暗黑套下装,暗黑套护肩,暗黑套腰带,暗黑套鞋子,火强手镯,火强项链,火强戒指
时间怀表,幽魂套二件套效果,幽魂套五件套效果,火强三件套,幽魂套上衣,幽魂套下装,幽魂套护肩,幽魂套腰带,幽魂套鞋子,火强手镯,火强项链,火强戒指
时间怀表,灼伤套二件套效果,灼伤套五件套效果,火强三件套,灼伤套上衣,灼伤套下装,灼伤套护肩,灼伤套腰带,灼伤套鞋子,火强手镯,火强项链,火强戒指
时间怀表,坚强套二件套效果,坚强套五件套效果,火强三件套,坚强套上衣,坚强套下装,坚强套护肩,坚强套腰带,坚强套鞋子,火强手镯,火强项链,火强戒指
时间怀表,真理套二件套效果,真理套五件套效果,火强三件套,真理套上衣,真理套下装,真理套护肩,真理套腰带,真理套鞋子,火强手镯,火强项链,火强戒指
时间怀表,深海熔岩套二件套效果,深海熔岩套五件套效果,火强三件套,深海熔岩套上衣,深海熔岩套下装,深海熔岩套护肩,深海熔岩套腰带,深海熔岩套鞋子,火强手镯,火强项链,火强戒指
时间怀表,镇魂曲套二件套效果,镇魂曲套五件套效果,火强三件套,镇魂曲套上衣,镇魂曲套下装,镇魂曲套护肩,镇魂曲套腰带,镇魂曲套鞋子,火强手镯,火强项链,火强戒指
时间怀表,堕落圣职者二件套效果,堕落圣职者五件套效果,火强三件套,堕落圣职者上衣,堕落圣职者下装,堕落圣职者护肩,堕落圣职者腰带,堕落圣职者鞋子,火强手镯,火强项链,火强戒指
时间怀表,纯粹圣职者二件套效果,纯粹圣职者五件套效果,火强三件套,纯粹圣职者上衣,纯粹圣职者下装,纯粹圣职者护肩,纯粹圣职者腰带,纯粹圣职者鞋子,火强手镯,火强项链,火强戒指
时间怀表,失明套二件套效果,失明套五件套效果,火强三件套,失明套上衣,失明套下装,失明套护肩,失明套腰带,失明套鞋子,火强手镯,火强项链,火强戒指
时间怀表,变色龙套二件套效果,变色龙套五件套效果,火强三件套,变色龙套上衣,变色龙套下装,变色龙套护肩,变色龙套腰带,变色龙套鞋子,火强手镯,火强项链,火强戒指
时间怀表,MP套二件套效果,MP套五件套效果,火强三件套,MP套上衣,MP套下装,MP套护肩,MP套腰带,MP套鞋子,火强手镯,火强项链,火强戒指
时间怀表,鬼面君主套二件套效果,鬼面君主套五件套效果,属强三件套,鬼面君主套上衣,鬼面君主套下装,鬼面君主套护肩,鬼面君主套腰带,鬼面君主套鞋子,属强手镯,属强项链,属强戒指
时间怀表,暗黑套二件套效果,暗黑套五件套效果,属强三件套,暗黑套上衣,暗黑套下装,暗黑套护肩,暗黑套腰带,暗黑套鞋子,属强手镯,属强项链,属强戒指
时间怀表,幽魂套二件套效果,幽魂套五件套效果,属强三件套,幽魂套上衣,幽魂套下装,幽魂套护肩,幽魂套腰带,幽魂套鞋子,属强手镯,属强项链,属强戒指
时间怀表,灼伤套二件套效果,灼伤套五件套效果,属强三件套,灼伤套上衣,灼伤套下装,灼伤套护肩,灼伤套腰带,灼伤套鞋子,属强手镯,属强项链,属强戒指
时间怀表,坚强套二件套效果,坚强套五件套效果,属强三件套,坚强套上衣,坚强套下装,坚强套护肩,坚强套腰带,坚强套鞋子,属强手镯,属强项链,属强戒指
时间怀表,真理套二件套效果,真理套五件套效果,属强三件套,真理套上衣,真理套下装,真理套护肩,真理套腰带,真理套鞋子,属强手镯,属强项链,属强戒指
时间怀表,深海熔岩套二件套效果,深海熔岩套五件套效果,属强三件套,深海熔岩套上衣,深海熔岩套下装,深海熔岩套护肩,深海熔岩套腰带,深海熔岩套鞋子,属强手镯,属强项链,属强戒指
时间怀表,镇魂曲套二件套效果,镇魂曲套五件套效果,属强三件套,镇魂曲套上衣,镇魂曲套下装,镇魂曲套护肩,镇魂曲套腰带,镇魂曲套鞋子,属强手镯,属强项链,属强戒指
时间怀表,堕落圣职者二件套效果,堕落圣职者五件套效果,属强三件套,堕落圣职者上衣,堕落圣职者下装,堕落圣职者护肩,堕落圣职者腰带,堕落圣职者鞋子,属强手镯,属强项链,属强戒指
时间怀表,纯粹圣职者二件套效果,纯粹圣职者五件套效果,属强三件套,纯粹圣职者上衣,纯粹圣职者下装,纯粹圣职者护肩,纯粹圣职者腰带,纯粹圣职者鞋子,属强手镯,属强项链,属强戒指
时间怀表,失明套二件套效果,失明套五件套效果,属强三件套,失明套上衣,失明套下装,失明套护肩,失明套腰带,失明套鞋子,属强手镯,属强项链,属强戒指
时间怀表,变色龙套二件套效果,变色龙套五件套效果,属强三件套,变色龙套上衣,变色龙套下装,变色龙套护肩,变色龙套腰带,变色龙套鞋子,属强手镯,属强项链,属强戒指
时间怀表,MP套二件套效果,MP套五件套效果,属强三件套,MP套上衣,MP套下装,MP套护肩,MP套腰带,MP套鞋子,属强手镯,属强项链,属强戒指
时间怀表,鬼面君主套二件套效果,鬼面君主套五件套效果,时空三件套,鬼面君主套上衣,鬼面君主套下装,鬼面君主套护肩,鬼面君主套腰带,鬼面君主套鞋子,时空手镯,时空项链,时空戒指
时间怀表,暗黑套二件套效果,暗黑套五件套效果,时空三件套,暗黑套上衣,暗黑套下装,暗黑套护肩,暗黑套腰带,暗黑套鞋子,时空手镯,时空项链,时空戒指
时间怀表,幽魂套二件套效果,幽魂套五件套效果,时空三件套,幽魂套上衣,幽魂套下装,幽魂套护肩,幽魂套腰带,幽魂套鞋子,时空手镯,时空项链,时空戒指
时间怀表,灼伤套二件套效果,灼伤套五件套效果,时空三件套,灼伤套上衣,灼伤套下装,灼伤套护肩,灼伤套腰带,灼伤套鞋子,时空手镯,时空项链,时空戒指
时间怀表,坚强套二件套效果,坚强套五件套效果,时空三件套,坚强套上衣,坚强套下装,坚强套护肩,坚强套腰带,坚强套鞋子,时空手镯,时空项链,时空戒指
时间怀表,真理套二件套效果,真理套五件套效果,时空三件套,真理套上衣,真理套下装,真理套护肩,真理套腰带,真理套鞋子,时空手镯,时空项链,时空戒指
时间怀表,深海熔岩套二件套效果,深海熔岩套五件套效果,时空三件套,深海熔岩套上衣,深海熔岩套下装,深海熔岩套护肩,深海熔岩套腰带,深海熔岩套鞋子,时空手镯,时空项链,时空戒指
时间怀表,镇魂曲套二件套效果,镇魂曲套五件套效果,时空三件套,镇魂曲套上衣,镇魂曲套下装,镇魂曲套护肩,镇魂曲套腰带,镇魂曲套鞋子,时空手镯,时空项链,时空戒指
时间怀表,堕落圣职者二件套效果,堕落圣职者五件套效果,时空三件套,堕落圣职者上衣,堕落圣职者下装,堕落圣职者护肩,堕落圣职者腰带,堕落圣职者鞋子,时空手镯,时空项链,时空戒指
时间怀表,纯粹圣职者二件套效果,纯粹圣职者五件套效果,时空三件套,纯粹圣职者上衣,纯粹圣职者下装,纯粹圣职者护肩,纯粹圣职者腰带,纯粹圣职者鞋子,时空手镯,时空项链,时空戒指
时间怀表,失明套二件套效果,失明套五件套效果,时空三件套,失明套上衣,失明套下装,失明套护肩,失明套腰带,失明套鞋子,时空手镯,时空项链,时空戒指
时间怀表,变色龙套二件套效果,变色龙套五件套效果,时空三件套,变色龙套上衣,变色龙套下装,变色龙套护肩,变色龙套腰带,变色龙套鞋子,时空手镯,时空项链,时空戒指
时间怀表,MP套二件套效果,MP套五件套效果,时空三件套,MP套上衣,MP套下装,MP套护肩,MP套腰带,MP套鞋子,时空手镯,时空项链,时空戒指
名将兵书,鬼面君主套二件套效果,鬼面君主套五件套效果,刺杀三件套,鬼面君主套上衣,鬼面君主套下装,鬼面君主套护肩,鬼面君主套腰带,鬼面君主套鞋子,刺杀手镯,刺杀项链,刺杀戒指
名将兵书,暗黑套二件套效果,暗黑套五件套效果,刺杀三件套,暗黑套上衣,暗黑套下装,暗黑套护肩,暗黑套腰带,暗黑套鞋子,刺杀手镯,刺杀项链,刺杀戒指
名将兵书,幽魂套二件套效果,幽魂套五件套效果,刺杀三件套,幽魂套上衣,幽魂套下装,幽魂套护肩,幽魂套腰带,幽魂套鞋子,刺杀手镯,刺杀项链,刺杀戒指
名将兵书,灼伤套二件套效果,灼伤套五件套效果,刺杀三件套,灼伤套上衣,灼伤套下装,灼伤套护肩,灼伤套腰带,灼伤套鞋子,刺杀手镯,刺杀项链,刺杀戒指
名将兵书,坚强套二件套效果,坚强套五件套效果,刺杀三件套,坚强套上衣,坚强套下装,坚强套护肩,坚强套腰带,坚强套鞋子,刺杀手镯,刺杀项链,刺杀戒指
名将兵书,真理套二件套效果,真理套五件套效果,刺杀三件套,真理套上衣,真理套下装,真理套护肩,真理套腰带,真理套鞋子,刺杀手镯,刺杀项链,刺杀戒指
名将兵书,深海熔岩套二件套效果,深海熔岩套五件套效果,刺杀三件套,深海熔岩套上衣,深海熔岩套下装,深海熔岩套护肩,深海熔岩套腰带,深海熔岩套鞋子,刺杀手镯,刺杀项链,刺杀戒指
名将兵书,镇魂曲套二件套效果,镇魂曲套五件套效果,刺杀三件套,镇魂曲套上衣,镇魂曲套下装,镇魂曲套护肩,镇魂曲套腰带,镇魂曲套鞋子,刺杀手镯,刺杀项链,刺杀戒指
名将兵书,堕落圣职者二件套效果,堕落圣职者五件套效果,刺杀三件套,堕落圣职者上衣,堕落圣职者下装,堕落圣职者护肩,堕落圣职者腰带,堕落圣职者鞋子,刺杀手镯,刺杀项链,刺杀戒指
名将兵书,纯粹圣职者二件套效果,纯粹圣职者五件套效果,刺杀三件套,纯粹圣职者上衣,纯粹圣职者下装,纯粹圣职者护肩,纯粹圣职者腰带,纯粹圣职者鞋子,刺杀手镯,刺杀项链,刺杀戒指
名将兵书,失明套二件套效果,失明套五件套效果,刺杀三件套,失明套上衣,失明套下装,失明套护肩,失明套腰带,失明套鞋子,刺杀手镯,刺杀项链,刺杀戒指
名将兵书,变色龙套二件套效果,变色龙套五件套效果,刺杀三件套,变色龙套上衣,变色龙套下装,变色龙套护肩,变色龙套腰带,变色龙套鞋子,刺杀手镯,刺杀项链,刺杀戒指
名将兵书,MP套二件套效果,MP套五件套效果,刺杀三件套,MP套上衣,MP套下装,MP套护肩,MP套腰带,MP套鞋子,刺杀手镯,刺杀项链,刺杀戒指
名将兵书,鬼面君主套二件套效果,鬼面君主套五件套效果,火强三件套,鬼面君主套上衣,鬼面君主套下装,鬼面君主套护肩,鬼面君主套腰带,鬼面君主套鞋子,火强手镯,火强项链,火强戒指
名将兵书,暗黑套二件套效果,暗黑套五件套效果,火强三件套,暗黑套上衣,暗黑套下装,暗黑套护肩,暗黑套腰带,暗黑套鞋子,火强手镯,火强项链,火强戒指
名将兵书,幽魂套二件套效果,幽魂套五件套效果,火强三件套,幽魂套上衣,幽魂套下装,幽魂套护肩,幽魂套腰带,幽魂套鞋子,火强手镯,火强项链,火强戒指
名将兵书,灼伤套二件套效果,灼伤套五件套效果,火强三件套,灼伤套上衣,灼伤套下装,灼伤套护肩,灼伤套腰带,灼伤套鞋子,火强手镯,火强项链,火强戒指
名将兵书,坚强套二件套效果,坚强套五件套效果,火强三件套,坚强套上衣,坚强套下装,坚强套护肩,坚强套腰带,坚强套鞋子,火强手镯,火强项链,火强戒指
名将兵书,真理套二件套效果,真理套五件套效果,火强三件套,真理套上衣,真理套下装,真理套护肩,真理套腰带,真理套鞋子,火强手镯,火强项链,火强戒指
名将兵书,深海熔岩套二件套效果,深海熔岩套五件套效果,火强三件套,深海熔岩套上衣,深海熔岩套下装,深海熔岩套护肩,深海熔岩套腰带,深海熔岩套鞋子,火强手镯,火强项链,火强戒指
名将兵书,镇魂曲套二件套效果,镇魂曲套五件套效果,火强三件套,镇魂曲套上衣,镇魂曲套下装,镇魂曲套护肩,镇魂曲套腰带,镇魂曲套鞋子,火强手镯,火强项链,火强戒指
名将兵书,堕落圣职者二件套效果,堕落圣职者五件套效果,火强三件套,堕落圣职者上衣,堕落圣职者下装,堕落圣职者护肩,堕落圣职者腰带,堕落圣职者鞋子,火强手镯,火强项链,火强戒指
名将兵书,纯粹圣职者二件套效果,纯粹圣职者五件套效果,火强三件套,纯粹圣职者上衣,纯粹圣职者下装,纯粹圣职者护肩,纯粹圣职者腰带,纯粹圣职者鞋子,火强手镯,火强项链,火强戒指
名将兵书,失明套二件套效果,失明套五件套效果,火强三件套,失明套上衣,失明套下装,失明套护肩,失明套腰带,失明套鞋子,火强手镯,火强项链,火强戒指
名将兵书,变色龙套二件套效果,变色龙套五件套效果,火强三件套,变色龙套上衣,变色龙套下装,变色龙套护肩,变色龙套腰带,变色龙套鞋子,火强手镯,火强项链,火强戒指
名将兵书,MP套二件套效果,MP套五件套效果,火强三件套,MP套上衣,MP套下装,MP套护肩,MP套腰带,MP套鞋子,火强手镯,火强项链,火强戒指
名将兵书,鬼面君主套二件套效果,鬼面君主套五件套效果,属强三件套,鬼面君主套上衣,鬼面君主套下装,鬼面君主套护肩,鬼面君主套腰带,鬼面君主套鞋子,属强手镯,属强项链,属强戒指
名将兵书,暗黑套二件套效果,暗黑套五件套效果,属强三件套,暗黑套上衣,暗黑套下装,暗黑套护肩,暗黑套腰带,暗黑套鞋子,属强手镯,属强项链,属强戒指
名将兵书,幽魂套二件套效果,幽魂套五件套效果,属强三件套,幽魂套上衣,幽魂套下装,幽魂套护肩,幽魂套腰带,幽魂套鞋子,属强手镯,属强项链,属强戒指
名将兵书,灼伤套二件套效果,灼伤套五件套效果,属强三件套,灼伤套上衣,灼伤套下装,灼伤套护肩,灼伤套腰带,灼伤套鞋子,属强手镯,属强项链,属强戒指
名将兵书,坚强套二件套效果,坚强套五件套效果,属强三件套,坚强套上衣,坚强套下装,坚强套护肩,坚强套腰带,坚强套鞋子,属强手镯,属强项链,属强戒指
名将兵书,真理套二件套效果,真理套五件套效果,属强三件套,真理套上衣,真理套下装,真理套护肩,真理套腰带,真理套鞋子,属强手镯,属强项链,属强戒指
名将兵书,深海熔岩套二件套效果,深海熔岩套五件套效果,属强三件套,深海熔岩套上衣,深海熔岩套下装,深海熔岩套护肩,深海熔岩套腰带,深海熔岩套鞋子,属强手镯,属强项链,属强戒指
名将兵书,镇魂曲套二件套效果,镇魂曲套五件套效果,属强三件套,镇魂曲套上衣,镇魂曲套下装,镇魂曲套护肩,镇魂曲套腰带,镇魂曲套鞋子,属强手镯,属强项链,属强戒指
名将兵书,堕落圣职者二件套效果,堕落圣职者五件套效果,属强三件套,堕落圣职者上衣,堕落圣职者下装,堕落圣职者护肩,堕落圣职者腰带,堕落圣职者鞋子,属强手镯,属强项链,属强戒指
名将兵书,纯粹圣职者二件套效果,纯粹圣职者五件套效果,属强三件套,纯粹圣职者上衣,纯粹圣职者下装,纯粹圣职者护肩,纯粹圣职者腰带,纯粹圣职者鞋子,属强手镯,属强项链,属强戒指
名将兵书,失明套二件套效果,失明套五件套效果,属强三件套,失明套上衣,失明套下装,失明套护肩,失明套腰带,失明套鞋子,属强手镯,属强项链,属强戒指
名将兵书,变色龙套二件套效果,变色龙套五件套效果,属强三件套,变色龙套上衣,变色龙套下装,变色龙套护肩,变色龙套腰带,变色龙套鞋子,属强手镯,属强项链,属强戒指
名将兵书,MP套二件套效果,MP套五件套效果,属强三件套,MP套上衣,MP套下装,MP套护肩,MP套腰带,MP套鞋子,属强手镯,属强项链,属强戒指
名将兵书,鬼面君主套二件套效果,鬼面君主套五件套效果,时空三件套,鬼面君主套上衣,鬼面君主套下装,鬼面君主套护肩,鬼面君主套腰带,鬼面君主套鞋子,时空手镯,时空项链,时空戒指
名将兵书,暗黑套二件套效果,暗黑套五件套效果,时空三件套,暗黑套上衣,暗黑套下装,暗黑套护肩,暗黑套腰带,暗黑套鞋子,时空手镯,时空项链,时空戒指
名将兵书,幽魂套二件套效果,幽魂套五件套效果,时空三件套,幽魂套上衣,幽魂套下装,幽魂套护肩,幽魂套腰带,幽魂套鞋子,时空手镯,时空项链,时空戒指
名将兵书,灼伤套二件套效果,灼伤套五件套效果,时空三件套,灼伤套上衣,灼伤套下装,灼伤套护肩,灼伤套腰带,灼伤套鞋子,时空手镯,时空项链,时空戒指
名将兵书,坚强套二件套效果,坚强套五件套效果,时空三件套,坚强套上衣,坚强套下装,坚强套护肩,坚强套腰带,坚强套鞋子,时空手镯,时空项链,时空戒指
名将兵书,真理套二件套效果,真理套五件套效果,时空三件套,真理套上衣,真理套下装,真理套护肩,真理套腰带,真理套鞋子,时空手镯,时空项链,时空戒指
名将兵书,深海熔岩套二件套效果,深海熔岩套五件套效果,时空三件套,深海熔岩套上衣,深海熔岩套下装,深海熔岩套护肩,深海熔岩套腰带,深海熔岩套鞋子,时空手镯,时空项链,时空戒指
名将兵书,镇魂曲套二件套效果,镇魂曲套五件套效果,时空三件套,镇魂曲套上衣,镇魂曲套下装,镇魂曲套护肩,镇魂曲套腰带,镇魂曲套鞋子,时空手镯,时空项链,时空戒指
名将兵书,堕落圣职者二件套效果,堕落圣职者五件套效果,时空三件套,堕落圣职者上衣,堕落圣职者下装,堕落圣职者护肩,堕落圣职者腰带,堕落圣职者鞋子,时空手镯,时空项链,时空戒指
名将兵书,纯粹圣职者二件套效果,纯粹圣职者五件套效果,时空三件套,纯粹圣职者上衣,纯粹圣职者下装,纯粹圣职者护肩,纯粹圣职者腰带,纯粹圣职者鞋子,时空手镯,时空项链,时空戒指
名将兵书,失明套二件套效果,失明套五件套效果,时空三件套,失明套上衣,失明套下装,失明套护肩,失明套腰带,失明套鞋子,时空手镯,时空项链,时空戒指
名将兵书,变色龙套二件套效果,变色龙套五件套效果,时空三件套,变色龙套上衣,变色龙套下装,变色龙套护肩,变色龙套腰带,变色龙套鞋子,时空手镯,时空项链,时空戒指
名将兵书,MP套二件套效果,MP套五件套效果,时空三件套,MP套上衣,MP套下装,MP套护肩,MP套腰带,MP套鞋子,时空手镯,时空项链,时空戒指
