eque_type,equement_name,job,strengh,intelligent,brawn,sprit,phyAtkPower,magicAtkPower,extra_damage,damage_increase,strengh_increase_rate,intelligent_increase_rate,phyatk_increase_rate,magicatk_increase_rate,skill_attk,mipha_num,urbosa_num,revail_num,daekel_num,critrate,critum,critrate,element_extra_damage,attack_speed,pushskill_speed,move_speed,hp
top,黑色先知套上衣,无,,,,,,,8,0,0,0,0,0,0,,,,,,,0,0,,,,
bottom,黑色先知套下装,无,,,,,,,0,0,0,0,0,0,0,,,,,,,14,0,,,,
head,黑色先知套护肩,无,,,,,,,0,12,0,0,0,0,0,,,,,,,0,0,,,,
belt,黑色先知套腰带,无,,,,,,,0,0,0,0,0,0,0,,,,,,,0,0,,,,
shoe,黑色先知套鞋子,无,,,,,,,0,0,8,8,0,0,0,,,,,,,0,0,,,,
two_left,黑色先知套两件套,无,,,,,,,0,0,0,0,0,0,11,,,,,,,0,0,,,,
five_left,黑色先知套五件套,无,,,,,,,25,15,0,0,0,0,0,,,,,,,0,0,,,,
top,燃烧女巫套上衣,无,,,,,,,0,4,0,0,0,0,0,,,,6,,,0,0,,,,
bottom,燃烧女巫套下装,无,,,,,,,0,4,0,0,0,0,0,,,,6,,,0,0,,,,
head,燃烧女巫套护肩,无,,,,,,,0,4,0,0,0,0,0,,,,16,,,0,0,,,,
belt,燃烧女巫套腰带,无,,,,,,,0,4,0,0,0,0,0,,,,6,,,0,0,,,,
shoe,燃烧女巫套鞋子,无,,,,,,,0,4,0,0,0,0,0,,,,6,,,0,0,,,,
two_left,燃烧女巫套两件套,无,,,,,,,0,0,0,0,0,0,8,,,,,,,0,0,,,,
five_left,燃烧女巫套五件套,无,,,,,,,0,12,0,0,0,0,0,,,,15,,,0,10,,,,
top,爱莉的郊游套上衣,无,,,,,,,0,0,0,0,12,12,0,,,,,,,0,0,,,,
bottom,爱莉的郊游套下装,无,,,,,,,0,0,0,0,12,12,0,,,,,,,0,0,,,,
head,爱莉的郊游套护肩,无,,,,,,,0,0,12,12,0,0,0,,,,,,,0,0,,,,
belt,爱莉的郊游套腰带,无,,,,,,,0,0,8,8,0,0,0,,,,,,,0,0,,,,
shoe,爱莉的郊游套鞋子,无,,,,,,,0,0,0,0,0,0,0,,,,,,,16,0,,,,
two_left,爱莉的郊游套两件套,无,,,,,,,0,0,0,0,0,0,8,,,,,,,0,0,,,,
five_left,爱莉的郊游套五件套,无,,,,,,,0,10,0,0,0,0,8,,,,,,,0,0,,,,
top,真少女套上衣,无,,,,,,,0,0,0,0,0,0,0,12,12,12,12,,,0,0,,,,
bottom,真少女套下装,无,,,,,,,0,0,0,0,0,0,0,8,8,8,8,,,0,0,,,,
head,真少女套护肩,无,,,,,,,0,10,0,0,0,0,0,12,12,12,12,,,0,0,,,,
belt,真少女套腰带,无,,,,,,,0,0,4,4,0,0,0,5,5,5,5,,,0,0,,,,
shoe,真少女套鞋子,无,,,,,,,0,0,4,4,0,0,0,5,5,5,5,,,0,0,,,,
two_left,真少女套两件套,无,,,,,,,0,0,0,0,0,0,7,,,,,,,0,0,,,,
five_left,真少女套五件套,无,,,,,,,25,0,0,0,0,0,0,,,,,,,0,0,,,,
top,史黛西的暗杀套上衣,无,,,,,,,0,5,0,0,0,0,0,,,,,,50,5,0,,,,
bottom,史黛西的暗杀套下装,无,,,,,,,0,5,0,0,0,0,0,,,,,,50,5,0,,,,
head,史黛西的暗杀套护肩,无,,,,,,,0,0,0,0,0,0,0,,,,,,100,18,0,,,,
belt,史黛西的暗杀套腰带,无,,,,,,,0,0,0,0,0,0,0,,,,,,50,10,0,,,,
shoe,史黛西的暗杀套鞋子,无,,,,,,,0,0,0,0,0,0,0,,,,,,,10,0,,,,
two_left,史黛西的暗杀套两件套,无,,,,,,,0,0,0,0,0,0,13,,,,,,,0,0,,,,
five_left,史黛西的暗杀套五件套,无,,,,,,,0,8,0,0,0,0,0,,,,,,,40,0,,,,
top,真地灵套上衣,无,,,,,,,0,10,0,0,0,0,0,,,,,,,0,0,,,,
bottom,真地灵套下装,无,,,,,,,0,10,0,0,0,0,0,,,,,,,0,0,,,,
head,真地灵套护肩,无,,,,,,,0,14,0,0,0,0,0,,,,,,,0,0,,,,
belt,真地灵套腰带,无,,,,,,,0,8,0,0,0,0,0,,,,,,,0,0,,,,
shoe,真地灵套鞋子,无,,,,,,,0,0,8,8,0,0,0,,,,,,,0,0,,,,
two_left,真地灵套两件套,无,,,,,,,0,0,0,0,0,0,11,,,,,,,0,0,,,,
five_left,真地灵套五件套,无,,,,,,,0,33,0,0,0,0,0,,,,,,,0,0,,,,
hand,真团本手镯,无,,,,,,,0,0,12,12,0,0,0,,,,,,,0,0,,,,
necklace,真团本项链,无,,,,,,,0,0,0,0,12,12,0,,,,,,,0,0,,,,
ring,真团本戒指,无,,,,,,,0,0,5,5,0,0,0,9,9,9,9,,,0,0,,,,
three_right,真团本三件套,无,,,,,,,10,0,0,0,0,0,0,,,,,,,0,0,,,,
hand,波放套手镯,无,,,,,,,0,5,0,0,0,0,0,7,7,7,7,,,0,0,,,,
necklace,波放套项链,无,,,,,,,0,0,0,0,13,13,0,,,,,,,0,0,,,,
ring,波放套戒指,无,,,,,,,0,0,0,0,0,0,0,,,,,,40,13,0,,,,
three_right,波放套三件套,无,,,,,,,0,0,0,0,0,0,25,,,,,,,0,0,,,,
necklace,魂链,无,,,,,,,0,0,0,0,30,30,0,,,,,,,0,0,,,,
ring,骨戒,无,,,,,,,0,50,0,0,0,0,0,,,,,,,0,0,,,,
hand,真塔套手镯,无,,,,,,,0,0,0,0,0,0,0,,,,,,200,0,0,,,,
necklace,真塔套项链,无,,,,,,,0,0,7,7,0,0,0,,,,,,,0,0,,,,
ring,真塔套戒指,无,,,,,,,0,0,0,0,0,0,0,12,12,12,12,,,0,0,,,,
three_right,真塔套三件套,无,,,,,,,0,15,0,0,0,0,0,,,,,,,0,0,,,,
necklace,黎明祈祷套项链,无,,,,,,,0,0,0,0,0,0,0,20,20,20,20,,,0,0,,,,
ring,黎明祈祷套戒指,无,,,,,,,0,0,0,0,0,0,0,20,20,20,20,,,0,0,,,,
hand,黎明祈祷套手镯,无,,,,,,,0,0,0,0,0,0,0,20,20,20,20,,,0,0,,,,
three_right,黎明祈祷套三件套,无,,,,,,,0,0,0,0,0,0,22,,,,,,,0,10,,,,
necklace,新GBL套项链,无,,,,,,,0,0,10,10,0,0,0,,,,,,,0,0,,,,
ring,新GBL套戒指,无,,,,,,,0,0,0,0,3,3,0,,,,,,,0,0,,,,
hand,新GBL套手镯,无,,,,,,,11,0,0,0,0,0,0,,,,,,,0,0,,,,
three_right,新GBL套三件套,无,,,,,,,0,0,0,0,0,0,17,8,8,8,8,,,0,0,,,,
weapon,破碎的命运,鬼剑士,,,,,,,50,0,8,8,0,0,0,,,,,,,0,0,,,,
weapon,脉冲剑,鬼剑士,,,,,,,0,40,0,0,0,0,0,,,,,,,0,0,,,,
weapon,雷剑,鬼剑士,,,,,,,29,5,0,0,20,20,0,,,,,,,0,0,,,,
weapon,邪龙魔剑,鬼剑士,,,,,,,0,0,0,0,0,0,0,130,130,130,130,,,0,0,,,,
weapon,幸存者的奥秘,鬼剑士,,,,,,,0,65,0,0,0,0,0,,,,,,,0,0,,,,
weapon,炙炎梵天剑,鬼剑士,,,,,,,0,5,0,0,0,0,0,35,35,35,35,,,0,25,,,,
weapon,屠戮之刃,鬼剑士,,,,,,,50,0,7,7,0,0,0,,,,,,,0,0,,,,
weapon,冥玉惊魂刀,鬼剑士,,,,,,,0,0,25,25,0,0,0,,,,,,,60,0,,,,
weapon,血舞旋月刀,鬼剑士,,,,,,,0,40,0,0,0,0,0,,,,,,,23,0,,,,
weapon,血饮红蛇,鬼剑士,,,,,,,0,0,15,15,48,48,0,,,,,,,0,0,,,,
weapon,树魔的巨蟒锤,鬼剑士,,,,,,,0,50,7,7,0,0,0,,,,,,,0,0,,,,
weapon,怒雷麒麟,鬼剑士,,,,,,,0,5,30,30,0,0,0,42,42,42,42,,,0,0,,,,
weapon,千年之光,鬼剑士,,,,,,,0,0,0,0,0,0,0,50,50,50,50,,,0,17,,,,
weapon,无轩之散魄,鬼剑士,,,,,,,33,0,0,0,20,20,0,,,,,,143,0,0,,,,
weapon,血之挽歌,鬼剑士,,,,,,,0,20,0,0,0,0,0,,,,,,100,30,0,,,,
weapon,英雄荣耀,格斗家,,,,,,,50,0,0,0,0,0,0,,,,,,,0,0,,,,
weapon,哀嚎之星,格斗家,,,,,,,0,20,0,0,40,40,0,,,,,,,0,0,,,,
weapon,曜日雷璇,格斗家,,,,,,,0,40,0,0,0,0,0,40,40,40,40,,,0,0,,,,
weapon,血蝎,格斗家,,,,,,,38,0,17,17,0,0,0,,,,,,,0,0,,,,
weapon,无轩,格斗家,,,,,,,33,0,0,0,20,20,0,,,,,,143,0,0,,,,
weapon,光之爪,格斗家,,,,,,,30,0,0,0,0,0,0,33,33,33,33,,,0,0,,,,
weapon,苍穹,格斗家,,,,,,,0,30,0,0,0,0,0,40,40,40,40,,,0,0,,,,
weapon,死神,格斗家,,,,,,,28,0,0,0,0,0,0,45,45,45,45,,,0,0,,,,
weapon,血祭,格斗家,,,,,,,23,0,35,35,0,0,0,,,,,,,0,0,,,,
weapon,巨象,格斗家,,,,,,,0,12,45,45,0,0,0,,,,,,,0,0,,,,
weapon,蜥蜴,格斗家,,,,,,,0,34,0,0,0,0,0,,,,,,,25,0,,,,
weapon,风神,格斗家,,,,,,,43,0,0,0,8,8,0,,,,,,,0,0,,,,
weapon,极皇拳套,格斗家,,,,,,,0,70,0,0,0,0,0,,,,,,,0,0,,,,
weapon,鲁格的玄冰拳套,格斗家,,,,,,,0,0,17,17,0,0,0,40,40,40,40,,,0,6.25,,,,
weapon,泯灭之幽灵,格斗家,,,,,,,40,0,0,0,30,30,0,7,7,7,7,,,0,0,,,,
weapon,死亡步枪,神枪手,,,,,,,0,18,0,0,0,0,0,,,,,,200,50,0,,,,
weapon,唳啸之游离,神枪手,,,,,,,0,30,15,15,0,0,0,,,,,,,0,0,,,,
weapon,狙击之眼,神枪手,,,,,,,0,0,0,0,50,50,0,,,,,,,0,0,,,,
weapon,刺骨,神枪手,,,,,,,0,40,0,0,0,0,0,,,,,,,0,0,,,,
weapon,双刃闪电,神枪手,,,,,,,0,35,0,0,0,0,0,,,,,,75,23,0,,,,
weapon,凯丽的念影左轮,神枪手,,,,,,,0,0,0,0,0,0,0,50,50,50,50,,,25,7,,,,
weapon,空间炮,神枪手,,,,,,,0,0,0,0,25,25,0,17,17,17,17,,,0,0,,,,
weapon,爆单双星,神枪手,,,,,,,0,0,22,22,0,0,0,22,22,22,22,,,22,0,,,,
weapon,碎空魔炎,神枪手,,,,,,,0,50,0,0,0,0,0,18,18,18,18,,,0,0,,,,
weapon,火焰手枪,神枪手,,,,,,,33,0,0,0,0,0,0,50,50,50,50,,,0,0,,,,
weapon,绝杀蝮蛇,神枪手,,,,,,,25,0,40,40,0,0,0,,,,,,,0,0,,,,
weapon,盾枪响尾蛇,神枪手,,,,,,,0,15,0,0,50,50,0,,,,,,,0,0,,,,
weapon,无轩之湮魄,神枪手,,,,,,,33,0,0,0,20,20,0,,,,,,143,0,0,,,,
weapon,雷神闪影,神枪手,,,,,,,0,40,0,0,15,15,0,,,,,,,0,0,,,,
weapon,旋风斗星弩,神枪手,,,,,,,0,30,20,20,0,0,0,,,,,,,0,0,,,,
weapon,留白,魔法师,,,,,,,0,0,0,0,0,0,0,,,,,,,0,0,,,,
weapon,留白,魔法师,,,,,,,0,0,0,0,0,0,0,,,,,,,0,0,,,,
weapon,留白,魔法师,,,,,,,0,0,0,0,0,0,0,,,,,,,0,0,,,,
weapon,留白,魔法师,,,,,,,0,0,0,0,0,0,0,,,,,,,0,0,,,,
weapon,留白,魔法师,,,,,,,0,0,0,0,0,0,0,,,,,,,0,0,,,,
weapon,留白,魔法师,,,,,,,0,0,0,0,0,0,0,,,,,,,0,0,,,,
weapon,留白,魔法师,,,,,,,0,0,0,0,0,0,0,,,,,,,0,0,,,,
weapon,留白,魔法师,,,,,,,0,0,0,0,0,0,0,,,,,,,0,0,,,,
weapon,留白,魔法师,,,,,,,0,0,0,0,0,0,0,,,,,,,0,0,,,,
weapon,留白,魔法师,,,,,,,0,0,0,0,0,0,0,,,,,,,0,0,,,,
weapon,留白,魔法师,,,,,,,0,0,0,0,0,0,0,,,,,,,0,0,,,,
weapon,留白,魔法师,,,,,,,0,0,0,0,0,0,0,,,,,,,0,0,,,,
weapon,留白,魔法师,,,,,,,0,0,0,0,0,0,0,,,,,,,0,0,,,,
weapon,留白,魔法师,,,,,,,0,0,0,0,0,0,0,,,,,,,,0,,,,
weapon,留白,魔法师,,,,,,,0,0,0,0,0,0,0,,,,,,,,0,,,,
weapon,留白,圣职者,,,,,,,0,0,0,0,0,0,0,,,,,,,,0,,,,
weapon,留白,圣职者,,,,,,,0,0,0,0,0,0,0,,,,,,,,0,,,,
weapon,留白,圣职者,,,,,,,0,0,0,0,0,0,0,,,,,,,,0,,,,
weapon,留白,圣职者,,,,,,,0,0,0,0,0,0,0,,,,,,,,0,,,,
weapon,留白,圣职者,,,,,,,0,0,0,0,0,0,0,,,,,,,,0,,,,
weapon,留白,圣职者,,,,,,,0,0,0,0,0,0,0,,,,,,,,0,,,,
weapon,留白,圣职者,,,,,,,0,0,0,0,0,0,0,,,,,,,,0,,,,
weapon,留白,圣职者,,,,,,,0,0,0,0,0,0,0,,,,,,,,0,,,,
weapon,留白,圣职者,,,,,,,0,0,0,0,0,0,0,,,,,,,,0,,,,
weapon,留白,圣职者,,,,,,,0,0,0,0,0,0,0,,,,,,,,0,,,,
weapon,留白,圣职者,,,,,,,0,0,0,0,0,0,0,,,,,,,,0,,,,
weapon,留白,圣职者,,,,,,,0,0,0,0,0,0,0,,,,,,,,0,,,,
weapon,留白,圣职者,,,,,,,0,0,0,0,0,0,0,,,,,,,,0,,,,
weapon,留白,圣职者,,,,,,,0,0,0,0,0,0,0,,,,,,,,0,,,,
weapon,留白,圣职者,,,,,,,0,0,0,0,0,0,0,,,,,,,,0,,,,
weapon,55团武短剑,鬼剑士,,,,,,,0,0,0,0,15,15,30,,,,,,,,0,,,,
weapon,55团武巨剑,鬼剑士,,,,,,,0,0,0,0,15,15,30,,,,,,,,0,,,,
weapon,55团武太刀,鬼剑士,,,,,,,0,0,0,0,15,15,30,,,,,,,,0,,,,
weapon,55团武钝器,鬼剑士,,,,,,,0,0,0,0,15,15,30,,,,,,,,0,,,,
weapon,55团武光剑,鬼剑士,,,,,,,0,0,0,0,15,15,30,,,,,,,,0,,,,
weapon,55团武臂铠,格斗家,,,,,,,0,0,0,0,15,15,30,,,,,,,,0,,,,
weapon,55团武爪子,格斗家,,,,,,,0,0,0,0,15,15,30,,,,,,,,0,,,,
weapon,55团武手套,格斗家,,,,,,,0,0,0,0,15,15,30,,,,,,,,0,,,,
weapon,55团武东方棍,格斗家,,,,,,,0,0,0,0,15,15,30,,,,,,,,0,,,,
weapon,55团武拳套,格斗家,,,,,,,0,0,0,0,15,15,30,,,,,,,,0,,,,
weapon,55团武步枪,神枪手,,,,,,,0,0,0,0,15,15,30,,,,,,,,0,,,,
weapon,55团武左轮枪,神枪手,,,,,,,0,0,0,0,15,15,30,,,,,,,,0,,,,
weapon,55团武手炮,神枪手,,,,,,,0,0,0,0,15,15,30,,,,,,,,0,,,,
weapon,55团武自动手枪,神枪手,,,,,,,0,0,0,0,15,15,30,,,,,,,,0,,,,
weapon,55团武手弩,神枪手,,,,,,,0,0,0,0,15,15,30,,,,,,,,0,,,,
weapon,55团武法杖,魔法师,,,,,,,0,0,0,0,15,15,30,,,,,,,,0,,,,
weapon,55团武战棍,魔法师,,,,,,,0,0,0,0,15,15,30,,,,,,,,0,,,,
weapon,55团武魔杖,魔法师,,,,,,,0,0,0,0,15,15,30,,,,,,,,0,,,,
weapon,55团武扫把,魔法师,,,,,,,0,0,0,0,15,15,30,,,,,,,,0,,,,
weapon,55团武战矛,魔法师,,,,,,,0,0,0,0,15,15,30,,,,,,,,0,,,,
weapon,55团武念珠,圣职者,,,,,,,0,0,0,0,15,15,30,,,,,,,,0,,,,
weapon,55团武战斧,圣职者,,,,,,,0,0,0,0,15,15,30,,,,,,,,0,,,,
weapon,55团武十字架,圣职者,,,,,,,0,0,0,0,15,15,30,,,,,,,,0,,,,
weapon,55团武图腾,圣职者,,,,,,,0,0,0,0,15,15,30,,,,,,,,0,,,,
weapon,55团武镰刀,圣职者,,,,,,,0,0,0,0,15,15,30,,,,,,,,0,,,,
weapon,60团武短剑,鬼剑士,,,,,,,0,0,10,10,15,15,30,,,,,,,,0,,,,
weapon,60团武巨剑,鬼剑士,,,,,,,0,0,10,10,15,15,30,,,,,,,,0,,,,
weapon,60团武太刀,鬼剑士,,,,,,,0,0,10,10,15,15,30,,,,,,,,0,,,,
weapon,60团武钝器,鬼剑士,,,,,,,0,0,10,10,15,15,30,,,,,,,,0,,,,
weapon,60团武光剑,鬼剑士,,,,,,,0,0,10,10,15,15,30,,,,,,,,0,,,,
weapon,60团武臂铠,格斗家,,,,,,,0,0,10,10,15,15,30,,,,,,,,0,,,,
weapon,60团武爪子,格斗家,,,,,,,0,0,10,10,15,15,30,,,,,,,,0,,,,
weapon,60团武手套,格斗家,,,,,,,0,0,10,10,15,15,30,,,,,,,,0,,,,
weapon,60团武东方棍,格斗家,,,,,,,0,0,10,10,15,15,30,,,,,,,,0,,,,
weapon,60团武拳套,格斗家,,,,,,,0,0,10,10,15,15,30,,,,,,,,0,,,,
weapon,60团武步枪,神枪手,,,,,,,0,0,10,10,15,15,30,,,,,,,,0,,,,
weapon,60团武左轮枪,神枪手,,,,,,,0,0,10,10,15,15,30,,,,,,,,0,,,,
weapon,60团武手炮,神枪手,,,,,,,0,0,10,10,15,15,30,,,,,,,,0,,,,
weapon,60团武自动手枪,神枪手,,,,,,,0,0,10,10,15,15,30,,,,,,,,0,,,,
weapon,60团武手弩,神枪手,,,,,,,0,0,10,10,15,15,30,,,,,,,,0,,,,
weapon,60团武法杖,魔法师,,,,,,,0,0,10,10,15,15,30,,,,,,,,0,,,,
weapon,60团武战棍,魔法师,,,,,,,0,0,10,10,15,15,30,,,,,,,,0,,,,
weapon,60团武魔杖,魔法师,,,,,,,0,0,10,10,15,15,30,,,,,,,,0,,,,
weapon,60团武扫把,魔法师,,,,,,,0,0,10,10,15,15,30,,,,,,,,0,,,,
weapon,60团武战矛,魔法师,,,,,,,0,0,10,10,15,15,30,,,,,,,,0,,,,
weapon,60团武念珠,圣职者,,,,,,,0,0,10,10,15,15,30,,,,,,,,0,,,,
weapon,60团武战斧,圣职者,,,,,,,0,0,10,10,15,15,30,,,,,,,,0,,,,
weapon,60团武十字架,圣职者,,,,,,,0,0,10,10,15,15,30,,,,,,,,0,,,,
weapon,60团武图腾,圣职者,,,,,,,0,0,10,10,15,15,30,,,,,,,,0,,,,
weapon,60团武镰刀,圣职者,,,,,,,0,0,10,10,15,15,30,,,,,,,,0,,,,
top,火焰护盾套上衣,无,,,,,,,0,0,0,0,0,0,0,17,17,17,17,,,,0,,,,
bottom,火焰护盾套下装,无,,,,,,,0,0,0,0,0,0,0,17,17,17,17,,,,0,,,,
head,火焰护盾套护肩,无,,,,,,,0,0,0,0,0,0,0,17,17,17,17,,,,0,,,,
belt,火焰护盾套腰带,无,,,,,,,0,0,0,0,0,0,0,17,17,17,17,,,,0,,,,
shoe,火焰护盾套鞋子,无,,,,,,,0,0,0,0,0,0,0,17,17,17,17,,,,0,,,,
two_left,火焰护盾套两件套,无,,,,,,,0,0,0,0,0,0,9,,,,,,,,0,,,,
five_left,火焰护盾套五件套,无,,,,,,,0,7,0,0,0,0,0,75,75,75,75,,,,0,,,,
top,真波罗丁套上衣,无,,,,,,,0,10,0,0,0,0,0,,,,,,,,0,,,,
bottom,真波罗丁套下装,无,,,,,,,0,10,0,0,0,0,0,,,,,,,,0,,,,
head,真波罗丁套护肩,无,,,,,,,0,14,0,0,0,0,0,,,,,,,,0,,,,
belt,真波罗丁套腰带,无,,,,,,,0,0,0,0,0,0,0,11,11,11,11,,,,0,,,,
shoe,真波罗丁套鞋子,无,,,,,,,0,0,0,0,0,0,0,11,11,11,11,,,,0,,,,
two_left,真波罗丁套两件套,无,,,,,,,0,0,0,0,0,0,10,,,,,,,,0,,,,
five_left,真波罗丁套五件套,无,,,,,,,0,15,0,0,0,0,10,10,10,10,10,,,,0,,,,
top,遗迹守护者套上衣,无,,,,,,,0,10,0,0,0,0,0,,,,,,,,0,,,,
bottom,遗迹守护者套下装,无,,,,,,,0,10,0,0,0,0,0,,,,,,,,0,,,,
head,遗迹守护者套护肩,无,,,,,,,0,14,0,0,0,0,0,,,,,,,,0,,,,
belt,遗迹守护者套腰带,无,,,,,,,0,8,0,0,0,0,0,,,,,,,,0,,,,
shoe,遗迹守护者套鞋子,无,,,,,,,0,0,8,8,0,0,0,,,,,,,,0,,,,
two_left,遗迹守护者套两件套,无,,,,,,,0,0,0,0,0,0,8,,,,,,,,0,,,,
five_left,遗迹守护者套五件套,无,,,,,,,12,0,4,4,5,5,0,,,,,,,,0,,,,
top,黑铁盔甲套上衣,无,,,,,,,0,0,3,3,0,0,0,12,12,12,12,,,,0,,,,
bottom,黑铁盔甲套下装,无,,,,,,,0,0,0,0,0,0,0,12,12,12,12,,,,0,,,,
head,黑铁盔甲套护肩,无,,,,,,,0,0,0,0,12,12,0,12,12,12,12,,,,0,,,,
belt,黑铁盔甲套腰带,无,,,,,,,0,0,0,0,0,0,0,12,12,12,12,,,,0,,,,
shoe,黑铁盔甲套鞋子,无,,,,,,,0,0,3,3,0,0,0,12,12,12,12,,,,0,,,,
two_left,黑铁盔甲套两件套,无,,,,,,,0,0,0,0,0,0,8,,,,,,,,0,,,,
five_left,黑铁盔甲套五件套,无,,,,,,,25,0,0,0,0,0,0,,,,,,,,0,,,,
top,真吞灵套上衣,无,,,,,,,0,8,0,0,0,0,0,,,,,,,,0,,,,
bottom,真吞灵套下装,无,,,,,,,0,0,0,0,10,10,0,,,,,,,,0,,,,
head,真吞灵套护肩,无,,,,,,,0,0,0,0,0,0,0,,,,,,275,,0,,,,
belt,真吞灵套腰带,无,,,,,,,0,0,7,7,0,0,0,,,,,,,,0,,,,
shoe,真吞灵套鞋子,无,,,,,,,0,7,0,0,0,0,0,,,,,,,,0,,,,
two_left,真吞灵套两件套,无,,,,,,,0,0,0,0,0,0,11,,,,,,,,0,,,,
five_left,真吞灵套五件套,无,,,,,,,25,0,0,0,0,0,0,,,,,,,,0,,,,
ring,杀猪戒,无,,,,,,,30,0,0,0,0,0,0,,,,,,,,0,,,,
top,地灵套上衣,无,,,,,,,0,5,0,0,0,0,0,,,,,,,,0,,,,
bottom,地灵套下装,无,,,,,,,0,5,0,0,0,0,0,,,,,,,,0,,,,
head,地灵套护肩,无,,,,,,,0,5,0,0,0,0,0,,,,,,,,0,,,,
belt,地灵套腰带,无,,,,,,,0,5,0,0,0,0,0,,,,,,,,0,,,,
shoe,地灵套鞋子,无,,,,,,,0,0,5,5,0,0,0,,,,,,,,0,,,,
two_left,地灵套两件套,无,,,,,,,0,0,0,0,0,0,0,,,,,,,,0,,,,
five_left,地灵套五件套,无,,,,,,,0,15,10,10,0,0,0,,,,,,,,0,,,,
top,新树魔套上衣,无,,,,,,,0,3,3,3,0,0,0,,,,,,,,0,,,,
bottom,新树魔套下装,无,,,,,,,0,3,3,3,0,0,0,,,,,,,,0,,,,
head,新树魔套护肩,无,,,,,,,0,7,7,7,0,0,0,,,,,,,,0,,,,
belt,新树魔套腰带,无,,,,,,,0,0,3,3,0,0,0,,,,,,,,0,,,,
shoe,新树魔套鞋子,无,,,,,,,0,0,3,3,0,0,0,,,,,,,,0,,,,
two_left,新树魔套两件套,无,,,,,,,0,0,0,0,0,0,5,,,,,,,,0,,,,
five_left,新树魔套五件套,无,,,,,,,0,0,0,0,0,0,0,,,,,,,,0,,,,
top,艾萨克的盔甲套上衣,无,,,,,,,0,0,10,10,0,0,0,,,,,,,,0,,,,
bottom,艾萨克的盔甲套下装,无,,,,,,,0,0,10,10,0,0,0,,,,,,,,0,,,,
head,艾萨克的盔甲套护肩,无,,,,,,,0,0,0,0,0,0,6,,,,,,,,0,,,,
belt,艾萨克的盔甲套腰带,无,,,,,,,0,7,0,0,0,0,0,,,,,,,,0,,,,
shoe,艾萨克的盔甲套鞋子,无,,,,,,,0,7,0,0,0,0,0,,,,,,,,0,,,,
two_left,艾萨克的盔甲套两件套,无,,,,,,,0,0,0,0,0,0,11,,,,,,,,0,,,,
five_left,艾萨克的盔甲套五件套,无,,,,,,,0,12,10,10,0,0,0,,,,,,,,0,,,,
hand,战争狂想曲套手镯,无,,,,,,,7,0,0,0,0,0,0,,,,,,,,0,,,,
necklace,战争狂想曲套项链,无,,,,,,,0,0,12,12,0,0,0,,,,,,,,0,,,,
ring,战争狂想曲套戒指,无,,,,,,,0,0,0,0,0,0,0,12,12,12,12,,,,0,,,,
three_right,战争狂想曲套三件套,无,,,,,,,0,15,0,0,0,0,0,,,,,,,,0,,,,
top,克罗米吸血套上衣,无,,,,,,,0,5,0,0,0,0,0,,,,,,,,0,,,,
bottom,克罗米吸血套下装,无,,,,,,,0,5,0,0,0,0,0,,,,,,,,0,,,,
head,克罗米吸血套护肩,无,,,,,,,0,12,0,0,0,0,0,,,,,,,,0,,,,
belt,克罗米吸血套腰带,无,,,,,,,0,4,0,0,0,0,0,,,,,,,,0,,,,
shoe,克罗米吸血套鞋子,无,,,,,,,0,4,0,0,0,0,0,,,,,,,,0,,,,
two_left,克罗米吸血套两件套,无,,,,,,,0,0,0,0,0,0,7,,,,,,,,0,,,,
five_left,克罗米吸血套五件套,无,,,,,,,0,0,10,10,0,0,5,,,,,,220,,0,,,,
stone,布万加,无,,,,,,,0,0,0,0,0,0,0,,,,,,,,0,,,,
stone,护符,无,,,,,,,5,5,5,5,0,0,0,,,,,,,,0,,,,
hand,蛊惑之眼,无,,,,,,,0,0,8,8,0,0,0,,,,,,,,0,,,,
top,远古遗迹套上衣,无,,,,,,,0,4,0,0,0,0,0,,,,,,,,0,,,,
bottom,远古遗迹套下装,无,,,,,,,0,4,0,0,0,0,0,,,,,,50,,0,,,,
head,远古遗迹套护肩,无,,,,,,,0,4,0,0,0,0,0,12,12,12,12,,,,0,,,,
belt,远古遗迹套腰带,无,,,,,,,0,4,0,0,0,0,0,,,,,,,,0,,,,
shoe,远古遗迹套鞋子,无,,,,,,,0,4,0,0,0,0,0,,,,,,,,0,,,,
two_left,远古遗迹套两件套,无,,,,,,,0,0,0,0,0,0,8,,,,,,,,0,,,,
five_left,远古遗迹套五件套,无,,,,,,,12,0,0,0,0,0,0,,,,,,,,0,,,,
top,团本白套上衣,无,,,,,,,0,0,0,0,0,0,13,,,,,,,,0,,,,
bottom,团本白套下装,无,,,,,,,0,0,13,13,0,0,0,,,,,,,,0,,,,
head,团本白套护肩,无,,,,,,,0,17,0,0,0,0,0,,,,,,,,0,,,,
belt,团本白套腰带,无,,,,,,,0,0,0,0,0,0,0,,,,,,,,8,,,,
shoe,团本白套鞋子,无,,,,,,,10,0,0,0,0,0,0,,,,,,,,0,,,,
top,团本黑套上衣,无,,,,,,,0,0,0,0,0,0,13,,,,,,,,0,,,,
bottom,团本黑套下装,无,,,,,,,0,0,13,13,0,0,0,,,,,,,,0,,,,
head,团本黑套护肩,无,,,,,,,0,17,0,0,0,0,0,,,,,,,,0,,,,
belt,团本黑套腰带,无,,,,,,,0,0,0,0,0,0,0,,,,,,,,8,,,,
shoe,团本黑套鞋子,无,,,,,,,0,0,0,0,0,0,0,,,,,,80,14,0,,,,
two_left,团本上衣白白,无,,,,,,,7,0,0,0,0,0,0,,,,,,,,0,,,,
two_left,团本上衣黑白,无,,,,,,,0,6,0,0,0,0,0,,,,,,,,0,,,,
two_left,团本护肩白白,无,,,,,,,7,0,0,0,0,0,0,,,,,,,,0,,,,
two_left,团本护肩黑白,无,,,,,,,0,6,0,0,0,0,0,,,,,,,,0,,,,
two_left,团本腰带白白,无,,,,,,,7,0,0,0,0,0,0,,,,,,,,0,,,,
two_left,团本腰带黑白,无,,,,,,,0,6,0,0,0,0,0,,,,,,,,0,,,,
two_left,团本下装白白,无,,,,,,,7,0,0,0,0,0,0,,,,,,,,0,,,,
two_left,团本下装黑白,无,,,,,,,0,6,0,0,0,0,0,,,,,,,,0,,,,
two_left,团本鞋子白白,无,,,,,,,7,0,0,0,0,0,0,,,,,,,,0,,,,
two_left,团本鞋子黑白,无,,,,,,,0,6,0,0,0,0,0,,,,,,,,0,,,,
two_left,团本上衣黑黑,无,,,,,,,0,0,5,5,0,0,0,,,,,,,,0,,,,
two_left,团本上衣黑白,无,,,,,,,0,6,0,0,0,0,0,,,,,,,,0,,,,
two_left,团本护肩黑黑,无,,,,,,,0,0,5,5,0,0,0,,,,,,,,0,,,,
two_left,团本护肩黑白,无,,,,,,,0,6,0,0,0,0,0,,,,,,,,0,,,,
two_left,团本腰带黑黑,无,,,,,,,0,0,5,5,0,0,0,,,,,,,,0,,,,
two_left,团本腰带黑白,无,,,,,,,0,6,0,0,0,0,0,,,,,,,,0,,,,
two_left,团本下装黑黑,无,,,,,,,0,0,5,5,0,0,0,,,,,,,,0,,,,
two_left,团本下装黑白,无,,,,,,,0,6,0,0,0,0,0,,,,,,,,0,,,,
two_left,团本鞋子黑黑,无,,,,,,,0,0,5,5,0,0,0,,,,,,,,0,,,,
two_left,团本鞋子黑白,无,,,,,,,0,6,0,0,0,0,0,,,,,,,,0,,,,
stone,硬币1级,无,,,,,,,0,8,0,0,0,0,0,15,15,15,15,,,,0,,,,
stone,硬币2级,无,,,,,,,0,10,0,0,0,0,0,15,15,15,15,,,,0,,,,
stone,硬币3级,无,,,,,,,0,12,0,0,0,0,0,15,15,15,15,,,,0,,,,
stone,硬币4级,无,,,,,,,0,14,0,0,0,0,0,15,15,15,15,,,,0,,,,
stone,护符1级,无,,,,,,,0,0,0,0,0,0,4,,,,,,,,8,,,,
stone,护符2级,无,,,,,,,0,0,0,0,0,0,4,,,,,,,,8,,,,
stone,护符3级,无,,,,,,,0,0,0,0,0,0,4,,,,,,,,9,,,,
stone,护符4级,无,,,,,,,0,0,0,0,0,0,5,,,,,,,,10,,,,
stone,牛角1级,无,,,,,,,0,0,8,8,8,8,0,,,,,,,6,0,,,,
stone,牛角2级,无,,,,,,,0,0,8,8,8,8,0,,,,,,,8,0,,,,
stone,牛角3级,无,,,,,,,0,0,8,8,10,10,0,,,,,,,8,0,,,,
stone,牛角4级,无,,,,,,,0,0,10,10,10,10,0,,,,,,,8,0,,,,
pet,赛莉亚,无,237,237,237,237,,,21,,,,,,,8,8,8,8,2,,,,5,7.5,2.5,
red_pet,红宠装备,,78,18,,,11,11,,,,,,,,,,,,,,,,,,,
blue_pet,蓝宠装备,,,,,,60,,,,,,,,,,,,,,,,,,,,
green_pet,绿宠装备,,,,,,,,,,,,,,,14,14,14,14,,,,,,,,165
three_pet,三宠装备,,,,,,,,3,,,,,,,5,5,5,5,,,,,3,3,3,
